Provincia,Comune,I ciclo,II ciclo,,,
Agrigento,AGRIGENTO,7,15,,,
Agrigento,ALESSANDRIA DELLA ROCCA,1,0,,,
Agrigento,ARAGONA,1,0,,,
Agrigento,BIVONA,0,2,,,
Agrigento,BURGIO,1,0,,,
Agrigento,CANICATTI',21,2,,,
Agrigento,FAVARA,9,1,,,
Agrigento,LAMPEDUSA E LINOSA,7,0,,,
Agrigento,LICATA,61,0,,,
Agrigento,MENFI,9,0,,,
Agrigento,PALMA DI MONTECHIARO,1,0,,,
Agrigento,PORTO EMPEDOCLE,6,0,,,
Agrigento,RAVANUSA,0,6,,,
Agrigento,RIBERA,1,6,,,
Agrigento,SAN GIOVANNI GEMINI,1,0,,,
Agrigento,SANTA MARGHERITA DI BELICE,10,0,,,
Agrigento,SANTO STEFANO QUISQUINA,1,0,,,
Agrigento,SCIACCA,0,12,,,
Alessandria,ACQUI TERME,16,10,,,
Alessandria,ALESSANDRIA,109,50,,,
Alessandria,ARQUATA SCRIVIA,2,0,,,
Alessandria,CASALE MONFERRATO,31,14,,,
Alessandria,CASTELLAZZO BORMIDA,1,0,,,
Alessandria,CASTELNUOVO SCRIVIA,34,0,,,
Alessandria,CERRINA MONFERRATO,4,0,,,
Alessandria,FELIZZANO,3,0,,,
Alessandria,GAVI,3,0,,,
Alessandria,MOLARE,3,0,,,
Alessandria,NOVI LIGURE,17,22,,,
Alessandria,OVADA,8,16,,,
Alessandria,RIVALTA BORMIDA,1,0,,,
Alessandria,SERRAVALLE SCRIVIA,13,0,,,
Alessandria,SPIGNO MONFERRATO,4,0,,,
Alessandria,TICINETO,2,0,,,
Alessandria,TORTONA,14,12,,,
Alessandria,VALENZA,6,14,,,
Alessandria,VIGNALE MONFERRATO,1,0,,,
Alessandria,VIGUZZOLO,1,0,,,
Ancona,ANCONA,58,167,,,
Ancona,ARCEVIA,9,0,,,
Ancona,CAMERANO,1,0,,,
Ancona,CASTELFIDARDO,19,0,,,
Ancona,CHIARAVALLE,8,0,,,
Ancona,CUPRAMONTANA,4,0,,,
Ancona,FABRIANO,1,9,,,
Ancona,FALCONARA MARITTIMA,25,0,,,
Ancona,FILOTTRANO,7,0,,,
Ancona,JESI,34,47,,,
Ancona,LORETO,4,2,,,
Ancona,MAIOLATI SPONTINI,11,0,,,
Ancona,MONTE ROBERTO,1,0,,,
Ancona,MONTE SAN VITO,1,0,,,
Ancona,OSIMO,22,8,,,
Ancona,OSTRA,2,0,,,
Ancona,POLVERIGI,3,0,,,
Ancona,SAN MARCELLO,6,0,,,
Ancona,SENIGALLIA,3,19,,,
Arezzo,AREZZO,123,190,,,
Arezzo,BIBBIENA,27,0,,,
Arezzo,BUCINE,34,0,,,
Arezzo,CAPOLONA,23,0,,,
Arezzo,CASTEL FOCOGNANO,4,0,,,
Arezzo,CASTELFRANCO PIANDISCO',12,0,,,
Arezzo,CASTIGLION FIORENTINO,7,10,,,
Arezzo,CAVRIGLIA,9,0,,,
Arezzo,CIVITELLA IN VAL DI CHIANA,10,0,,,
Arezzo,CORTONA,1,3,,,
Arezzo,FOIANO DELLA CHIANA,8,0,,,
Arezzo,LORO CIUFFENNA,7,0,,,
Arezzo,MONTE SAN SAVINO,19,0,,,
Arezzo,MONTEVARCHI,40,0,,,
Arezzo,PIEVE SANTO STEFANO,0,5,,,
Arezzo,POPPI,3,8,,,
Arezzo,PRATOVECCHIO STIA,3,0,,,
Arezzo,SAN GIOVANNI VALDARNO,26,194,,,
Arezzo,SANSEPOLCRO,4,17,,,
Arezzo,TERRANUOVA BRACCIOLINI,23,0,,,
Ascoli Piceno,ACQUAVIVA PICENA,2,0,,,
Ascoli Piceno,ASCOLI PICENO,50,119,,,
Ascoli Piceno,CASTEL DI LAMA,8,0,,,
Ascoli Piceno,COMUNANZA,5,0,,,
Ascoli Piceno,FOLIGNANO,5,0,,,
Ascoli Piceno,GROTTAMMARE,0,10,,,
Ascoli Piceno,MONTEPRANDONE,7,0,,,
Ascoli Piceno,RIPATRANSONE,1,0,,,
Ascoli Piceno,ROCCAFLUVIONE,5,0,,,
Ascoli Piceno,SAN BENEDETTO DEL TRONTO,43,30,,,
Ascoli Piceno,SPINETOLI,3,0,,,
Asti,ASTI,67,200,,,
Asti,CANELLI,6,0,,,
Asti,CASTELL'ALFERO,19,0,,,
Asti,CASTELNUOVO DON BOSCO,12,0,,,
Asti,COSTIGLIOLE D'ASTI,13,0,,,
Asti,INCISA SCAPACCINO,1,0,,,
Asti,MONTEGROSSO D'ASTI,7,0,,,
Asti,NIZZA MONFERRATO,2,18,,,
Asti,ROCCHETTA TANARO,3,0,,,
Asti,SAN DAMIANO D'ASTI,7,0,,,
Asti,VILLAFRANCA D'ASTI,10,0,,,
Asti,VILLANOVA D'ASTI,7,0,,,
Avellino,ARIANO IRPINO,0,1,,,
Avellino,AVELLA,10,0,,,
Avellino,AVELLINO,12,28,,,
Avellino,BAIANO,6,0,,,
Avellino,FONTANAROSA,3,0,,,
Avellino,FORINO,2,0,,,
Avellino,FRIGENTO,5,0,,,
Avellino,GROTTAMINARDA,8,0,,,
Avellino,LAURO,0,1,,,
Avellino,MONTEFORTE IRPINO,3,0,,,
Avellino,MONTELLA,1,0,,,
Avellino,MONTEMILETTO,1,0,,,
Avellino,PAGO DEL VALLO DI LAURO,7,0,,,
Avellino,PRATOLA SERRA,1,0,,,
Avellino,SAN MARTINO VALLE CAUDINA,5,0,,,
Avellino,VALLATA,0,8,,,
Bari,ACQUAVIVA DELLE FONTI,7,38,,,
Bari,ALBEROBELLO,2,0,,,
Bari,ALTAMURA,64,80,,,
Bari,BARI,101,118,,,
Bari,BITETTO,15,7,,,
Bari,BITONTO,16,38,,,
Bari,BITRITTO,3,0,,,
Bari,CAPURSO,4,0,,,
Bari,CASAMASSIMA,3,0,,,
Bari,CASSANO DELLE MURGE,0,20,,,
Bari,CASTELLANA GROTTE,0,3,,,
Bari,CONVERSANO,15,5,,,
Bari,CORATO,22,4,,,
Bari,GIOIA DEL COLLE,14,0,,,
Bari,GIOVINAZZO,2,0,,,
Bari,GRAVINA IN PUGLIA,53,17,,,
Bari,LOCOROTONDO,5,0,,,
Bari,MODUGNO,29,2,,,
Bari,MOLFETTA,10,8,,,
Bari,MONOPOLI,7,5,,,
Bari,NOCI,10,0,,,
Bari,NOICATTARO,29,0,,,
Bari,PALO DEL COLLE,7,0,,,
Bari,POLIGNANO A MARE,28,0,,,
Bari,PUTIGNANO,1,0,,,
Bari,RUTIGLIANO,6,0,,,
Bari,RUVO DI PUGLIA,30,4,,,
Bari,SANNICANDRO DI BARI,6,0,,,
Bari,SANTERAMO IN COLLE,1,8,,,
Bari,TERLIZZI,6,1,,,
Bari,TORITTO,50,0,,,
Bari,TRIGGIANO,33,13,,,
Bari,VALENZANO,10,0,,,
Barletta-Andria-Trani,ANDRIA,61,17,,,
Barletta-Andria-Trani,BARLETTA,27,40,,,
Barletta-Andria-Trani,BISCEGLIE,30,7,,,
Barletta-Andria-Trani,CANOSA DI PUGLIA,18,35,,,
Barletta-Andria-Trani,MARGHERITA DI SAVOIA,2,1,,,
Barletta-Andria-Trani,MINERVINO MURGE,1,0,,,
Barletta-Andria-Trani,SAN FERDINANDO DI PUGLIA,0,2,,,
Barletta-Andria-Trani,SPINAZZOLA,13,0,,,
Barletta-Andria-Trani,TRANI,19,6,,,
Belluno,AGORDO,3,5,,,
Belluno,ALLEGHE,1,0,,,
Belluno,ALPAGO,10,0,,,
Belluno,AURONZO DI CADORE,0,1,,,
Belluno,BELLUNO,16,31,,,
Belluno,BORGO VALBELLUNA,2,0,,,
Belluno,CORTINA D'AMPEZZO,74,7,,,
Belluno,FELTRE,8,19,,,
Belluno,FONZASO,4,0,,,
Belluno,LONGARONE,3,6,,,
Belluno,PEDAVENA,2,0,,,
Belluno,PIEVE DI CADORE,7,9,,,
Belluno,PONTE NELLE ALPI,3,0,,,
Belluno,QUERO VAS,1,0,,,
Belluno,SANTA GIUSTINA,1,0,,,
Belluno,SEDICO,1,0,,,
Benevento,AIROLA,1,8,,,
Benevento,APICE,4,0,,,
Benevento,BENEVENTO,23,11,,,
Benevento,CERRETO SANNITA,0,3,,,
Benevento,CUSANO MUTRI,2,0,,,
Benevento,MOIANO,1,0,,,
Benevento,MONTESARCHIO,6,62,,,
Benevento,MORCONE,0,5,,,
Benevento,PIETRELCINA,18,0,,,
Benevento,PONTE,2,0,,,
Benevento,SAN GIORGIO LA MOLARA,45,0,,,
Benevento,SAN SALVATORE TELESINO,5,0,,,
Benevento,SANT'AGATA DE' GOTI,0,5,,,
Benevento,TELESE TERME,0,8,,,
Benevento,VITULANO,16,0,,,
Bergamo,ALBINO,3,1,,,
Bergamo,ALMENNO SAN SALVATORE,1,0,,,
Bergamo,ALZANO LOMBARDO,3,1,,,
Bergamo,ARCENE,3,0,,,
Bergamo,AZZANO SAN PAOLO,2,0,,,
Bergamo,BAGNATICA,3,0,,,
Bergamo,BARIANO,13,0,,,
Bergamo,BERGAMO,29,45,,,
Bergamo,BOLTIERE,5,0,,,
Bergamo,BONATE SOPRA,3,0,,,
Bergamo,BONATE SOTTO,1,0,,,
Bergamo,BORGO DI TERZO,2,0,,,
Bergamo,BREMBATE,2,0,,,
Bergamo,BREMBATE DI SOPRA,2,0,,,
Bergamo,BRIGNANO GERA D'ADDA,3,0,,,
Bergamo,CALCINATE,7,0,,,
Bergamo,CALCIO,2,0,,,
Bergamo,CALUSCO D'ADDA,5,0,,,
Bergamo,CARAVAGGIO,3,2,,,
Bergamo,CARVICO,4,0,,,
Bergamo,CASAZZA,1,0,,,
Bergamo,CHIUDUNO,1,0,,,
Bergamo,CISANO BERGAMASCO,4,0,,,
Bergamo,CISERANO,5,0,,,
Bergamo,CLUSONE,20,1,,,
Bergamo,COLOGNO AL SERIO,1,0,,,
Bergamo,COSTA VOLPINO,4,0,,,
Bergamo,COVO,1,0,,,
Bergamo,CURNO,4,0,,,
Bergamo,DALMINE,0,5,,,
Bergamo,FARA GERA D'ADDA,8,0,,,
Bergamo,GAZZANIGA,2,2,,,
Bergamo,GHISALBA,6,0,,,
Bergamo,GRUMELLO DEL MONTE,2,0,,,
Bergamo,LEVATE,2,0,,,
Bergamo,LOVERE,8,3,,,
Bergamo,MAPELLO,6,0,,,
Bergamo,MARTINENGO,13,0,,,
Bergamo,NEMBRO,1,7,,,
Bergamo,OSIO SOPRA,5,0,,,
Bergamo,OSIO SOTTO,7,0,,,
Bergamo,PALADINA,2,0,,,
Bergamo,PALOSCO,3,0,,,
Bergamo,PONTE SAN PIETRO,1,0,,,
Bergamo,PONTIDA,1,0,,,
Bergamo,PRESEZZO,0,18,,,
Bergamo,PUMENENGO,1,0,,,
Bergamo,RANICA,2,0,,,
Bergamo,ROGNO,1,0,,,
Bergamo,ROMANO DI LOMBARDIA,18,2,,,
Bergamo,ROVETTA,3,0,,,
Bergamo,SAN PAOLO D'ARGON,2,0,,,
Bergamo,SARNICO,1,2,,,
Bergamo,SCANZOROSCIATE,1,0,,,
Bergamo,SERIATE,4,2,,,
Bergamo,SORISOLE,4,0,,,
Bergamo,SOTTO IL MONTE GIOVANNI XXIII,1,0,,,
Bergamo,SOVERE,3,0,,,
Bergamo,SPIRANO,3,0,,,
Bergamo,STEZZANO,7,0,,,
Bergamo,TERNO D'ISOLA,6,0,,,
Bergamo,TORRE BOLDONE,24,0,,,
Bergamo,TRESCORE BALNEARIO,1,10,,,
Bergamo,TREVIGLIO,17,53,,,
Bergamo,TREVIOLO,2,0,,,
Bergamo,URGNANO,2,0,,,
Bergamo,VERDELLINO,4,0,,,
Bergamo,VERDELLO,4,0,,,
Bergamo,VILLA D'ALME',1,0,,,
Bergamo,VILLA DI SERIO,1,0,,,
Bergamo,VILLONGO,2,0,,,
Bergamo,ZANICA,4,0,,,
Bergamo,ZOGNO,0,1,,,
Biella,ANDORNO MICCA,16,0,,,
Biella,BIELLA,23,102,,,
Biella,BRUSNENGO,1,0,,,
Biella,CAMBURZANO,1,0,,,
Biella,CAVAGLIA',7,0,,,
Biella,COSSATO,16,4,,,
Biella,GAGLIANICO,19,0,,,
Biella,MONGRANDO,1,0,,,
Biella,OCCHIEPPO INFERIORE,50,0,,,
Biella,SANDIGLIANO,12,0,,,
Biella,SORDEVOLO,1,0,,,
Biella,VALDENGO,31,0,,,
Biella,VALDILANA,5,0,,,
Biella,VIGLIANO BIELLESE,6,0,,,
Bologna,ALTO RENO TERME,1,0,,,
Bologna,ARGELATO,3,0,,,
Bologna,BOLOGNA,108,245,,,
Bologna,BORGO TOSSIGNANO,2,0,,,
Bologna,BUDRIO,3,0,,,
Bologna,CALDERARA DI RENO,4,0,,,
Bologna,CASALECCHIO DI RENO,15,33,,,
Bologna,CASTEL MAGGIORE,5,4,,,
Bologna,CASTEL SAN PIETRO TERME,1,9,,,
Bologna,CASTENASO,3,0,,,
Bologna,CREVALCORE,2,1,,,
Bologna,GAGGIO MONTANO,1,0,,,
Bologna,IMOLA,46,11,,,
Bologna,MALALBERGO,2,0,,,
Bologna,MARZABOTTO,1,0,,,
Bologna,MEDICINA,1,0,,,
Bologna,MINERBIO,1,0,,,
Bologna,MOLINELLA,4,0,,,
Bologna,MONGHIDORO,2,0,,,
Bologna,MONTE SAN PIETRO,7,0,,,
Bologna,MONZUNO,7,0,,,
Bologna,OZZANO DELL'EMILIA,2,0,,,
Bologna,PIANORO,2,0,,,
Bologna,SALA BOLOGNESE,6,0,,,
Bologna,SAN GIORGIO DI PIANO,1,0,,,
Bologna,SAN GIOVANNI IN PERSICETO,6,4,,,
Bologna,SAN LAZZARO DI SAVENA,18,6,,,
Bologna,SAN PIETRO IN CASALE,1,0,,,
Bologna,SASSO MARCONI,1,0,,,
Bologna,VALSAMOGGIA,9,0,,,
Bologna,VERGATO,2,4,,,
Bologna,ZOLA PREDOSA,5,0,,,
Brescia,ADRO,3,0,,,
Brescia,ARTOGNE,3,0,,,
Brescia,AZZANO MELLA,2,0,,,
Brescia,BAGNOLO MELLA,1,0,,,
Brescia,BEDIZZOLE,4,0,,,
Brescia,BORGO SAN GIACOMO,2,0,,,
Brescia,BORGOSATOLLO,5,0,,,
Brescia,BOTTICINO,2,0,,,
Brescia,BRENO,0,4,,,
Brescia,BRESCIA,115,62,,,
Brescia,CALCINATO,7,0,,,
Brescia,CALVISANO,5,0,,,
Brescia,CAPO DI PONTE,8,0,,,
Brescia,CASTEL MELLA,2,0,,,
Brescia,CASTELCOVATI,8,0,,,
Brescia,CASTENEDOLO,8,0,,,
Brescia,CASTREZZATO,6,0,,,
Brescia,CAZZAGO SAN MARTINO,8,0,,,
Brescia,CEDEGOLO,1,0,,,
Brescia,CELLATICA,5,0,,,
Brescia,CHIARI,0,14,,,
Brescia,COCCAGLIO,7,0,,,
Brescia,CONCESIO,1,0,,,
Brescia,CORTE FRANCA,1,0,,,
Brescia,DARFO BOARIO TERME,1,0,,,
Brescia,DESENZANO DEL GARDA,32,5,,,
Brescia,EDOLO,2,0,,,
Brescia,FLERO,1,0,,,
Brescia,GARDONE VAL TROMPIA,2,6,,,
Brescia,GARGNANO,20,0,,,
Brescia,GAVARDO,4,0,,,
Brescia,GHEDI,2,0,,,
Brescia,IDRO,0,9,,,
Brescia,ISEO,2,2,,,
Brescia,LENO,5,1,,,
Brescia,LOGRATO,2,0,,,
Brescia,LONATO DEL GARDA,4,2,,,
Brescia,LUMEZZANE,4,0,,,
Brescia,MANERBA DEL GARDA,12,0,,,
Brescia,MANERBIO,4,0,,,
Brescia,MAZZANO,2,0,,,
Brescia,MONTICHIARI,10,18,,,
Brescia,NAVE,11,0,,,
Brescia,OME,1,0,,,
Brescia,ORZINUOVI,9,5,,,
Brescia,OSPITALETTO,1,0,,,
Brescia,PALAZZOLO SULL'OGLIO,4,1,,,
Brescia,PASSIRANO,2,0,,,
Brescia,PIANCOGNO,1,0,,,
Brescia,PISOGNE,3,0,,,
Brescia,PONTEVICO,16,0,,,
Brescia,POZZOLENGO,1,0,,,
Brescia,PRALBOINO,2,0,,,
Brescia,PREVALLE,3,0,,,
Brescia,PROVAGLIO D'ISEO,1,0,,,
Brescia,REMEDELLO,3,5,,,
Brescia,REZZATO,8,0,,,
Brescia,RONCADELLE,1,0,,,
Brescia,ROVATO,3,0,,,
Brescia,RUDIANO,1,0,,,
Brescia,SABBIO CHIESE,6,0,,,
Brescia,SALE MARASINO,5,0,,,
Brescia,SALò,0,4,,,
Brescia,SALO',1,3,,,
Brescia,SAN GERVASIO BRESCIANO,1,0,,,
Brescia,SAN ZENO NAVIGLIO,2,0,,,
Brescia,SAREZZO,0,5,,,
Brescia,SERLE,2,0,,,
Brescia,TORBOLE CASAGLIA,2,0,,,
Brescia,VEROLANUOVA,2,0,,,
Brescia,VESTONE,2,0,,,
Brescia,VOBARNO,13,0,,,
Brindisi,BRINDISI,34,13,,,
Brindisi,CAROVIGNO,28,0,,,
Brindisi,CEGLIE MESSAPICA,1,0,,,
Brindisi,CISTERNINO,2,0,,,
Brindisi,FASANO,22,0,,,
Brindisi,ORIA,2,0,,,
Brindisi,OSTUNI,16,14,,,
Brindisi,SAN MICHELE SALENTINO,19,0,,,
Brindisi,SAN PIETRO VERNOTICO,20,0,,,
Brindisi,VILLA CASTELLI,12,0,,,
Cagliari,ASSEMINI,14,0,,,
Cagliari,CAGLIARI,123,97,,,
Cagliari,DECIMOMANNU,0,1,,,
Cagliari,ELMAS,1,3,,,
Cagliari,MARACALAGONIS,4,0,,,
Cagliari,MONSERRATO,2,0,,,
Cagliari,PULA,6,0,,,
Cagliari,QUARTU SANT'ELENA,28,18,,,
Cagliari,SARROCH,13,0,,,
Cagliari,SELARGIUS,15,3,,,
Cagliari,SESTU,24,0,,,
Cagliari,SINNAI,3,0,,,
Caltanissetta,CALTANISSETTA,13,13,,,
Caltanissetta,GELA,65,16,,,
Caltanissetta,MAZZARINO,45,0,,,
Caltanissetta,MUSSOMELI,3,2,,,
Caltanissetta,NISCEMI,5,3,,,
Caltanissetta,RIESI,2,0,,,
Caltanissetta,SANTA CATERINA VILLARMOSA,51,0,,,
Caltanissetta,SOMMATINO,1,0,,,
Caltanissetta,VALLELUNGA PRATAMENO,4,0,,,
Campobasso,BARANELLO,1,0,,,
Campobasso,BOJANO,61,1,,,
Campobasso,CAMPOBASSO,3,13,,,
Campobasso,CAMPODIPIETRA,3,0,,,
Campobasso,CASACALENDA,0,3,,,
Campobasso,GUGLIONESI,0,15,,,
Campobasso,PETACCIATO,1,0,,,
Campobasso,RICCIA,0,26,,,
Campobasso,SAN MARTINO IN PENSILIS,4,0,,,
Campobasso,SANTA CROCE DI MAGLIANO,0,13,,,
Campobasso,TERMOLI,16,1,,,
Campobasso,VINCHIATURO,17,0,,,
Caserta,ALVIGNANO,10,0,,,
Caserta,ARIENZO,16,0,,,
Caserta,AVERSA,38,45,,,
Caserta,CALVI RISORTA,1,0,,,
Caserta,CAPRIATI A VOLTURNO,7,0,,,
Caserta,CAPUA,0,17,,,
Caserta,CASAGIOVE,2,0,,,
Caserta,CASAL DI PRINCIPE,30,5,,,
Caserta,CASALUCE,5,0,,,
Caserta,CASAPESENNA,4,0,,,
Caserta,CASAPULLA,5,0,,,
Caserta,CASERTA,58,21,,,
Caserta,CASTEL VOLTURNO,8,0,,,
Caserta,CELLOLE,27,0,,,
Caserta,CURTI,5,0,,,
Caserta,FORMICOLA,2,0,,,
Caserta,FRIGNANO,8,0,,,
Caserta,GIOIA SANNITICA,2,0,,,
Caserta,GRICIGNANO DI AVERSA,24,0,,,
Caserta,MACERATA CAMPANIA,15,0,,,
Caserta,MADDALONI,26,17,,,
Caserta,MARCIANISE,19,73,,,
Caserta,MIGNANO MONTE LUNGO,2,0,,,
Caserta,MONDRAGONE,7,5,,,
Caserta,PARETE,22,0,,,
Caserta,PIEDIMONTE MATESE,14,1,,,
Caserta,PIETRAMELARA,2,0,,,
Caserta,PIGNATARO MAGGIORE,5,0,,,
Caserta,PORTICO DI CASERTA,22,0,,,
Caserta,RECALE,3,0,,,
Caserta,ROCCAMONFINA,4,0,,,
Caserta,SAN CIPRIANO D'AVERSA,2,13,,,
Caserta,SAN FELICE A CANCELLO,7,0,,,
Caserta,SAN MARCELLINO,5,0,,,
Caserta,SAN MARCO EVANGELISTA,7,0,,,
Caserta,SAN NICOLA LA STRADA,4,0,,,
Caserta,SAN PRISCO,3,0,,,
Caserta,SANTA MARIA A VICO,11,6,,,
Caserta,SANTA MARIA CAPUA VETERE,5,13,,,
Caserta,SANT'ARPINO,3,0,,,
Caserta,SESSA AURUNCA,20,2,,,
Caserta,SUCCIVO,4,0,,,
Caserta,TEANO,4,0,,,
Caserta,TEVEROLA,8,0,,,
Caserta,TRENTOLA DUCENTA,19,0,,,
Caserta,VAIRANO PATENORA,8,20,,,
Caserta,VILLA DI BRIANO,9,0,,,
Caserta,VILLA LITERNO,1,0,,,
Caserta,VITULAZIO,2,0,,,
Catania,ACI CATENA,6,0,,,
Catania,ACIREALE,17,19,,,
Catania,ADRANO,13,0,,,
Catania,BELPASSO,25,0,,,
Catania,BIANCAVILLA,1,0,,,
Catania,BRONTE,10,3,,,
Catania,CALTAGIRONE,9,4,,,
Catania,CASTEL DI IUDICA,4,0,,,
Catania,CATANIA,204,107,,,
Catania,FIUMEFREDDO DI SICILIA,3,0,,,
Catania,GIARRE,8,16,,,
Catania,GRAMMICHELE,3,0,,,
Catania,GRAVINA DI CATANIA,9,0,,,
Catania,LINGUAGLOSSA,7,0,,,
Catania,MALETTO,5,0,,,
Catania,MANIACE,4,0,,,
Catania,MASCALI,2,0,,,
Catania,MASCALUCIA,15,0,,,
Catania,MILITELLO IN VAL DI CATANIA,8,0,,,
Catania,MISTERBIANCO,28,0,,,
Catania,MOTTA SANT'ANASTASIA,6,0,,,
Catania,NICOLOSI,3,9,,,
Catania,PATERNò,0,3,,,
Catania,PATERNO',18,81,,,
Catania,PEDARA,8,0,,,
Catania,RAMACCA,0,1,,,
Catania,RANDAZZO,37,0,,,
Catania,SAN GIOVANNI LA PUNTA,3,13,,,
Catania,SAN GREGORIO DI CATANIA,1,0,,,
Catania,SAN PIETRO CLARENZA,8,0,,,
Catania,SANTA MARIA DI LICODIA,2,0,,,
Catania,SANTA VENERINA,4,0,,,
Catania,SANT'AGATA LI BATTIATI,7,0,,,
Catania,SCORDIA,2,6,,,
Catania,TREMESTIERI ETNEO,12,0,,,
Catania,VALVERDE,8,0,,,
Catania,VIAGRANDE,1,0,,,
Catania,VIZZINI,2,0,,,
Catania,ZAFFERANA ETNEA,3,0,,,
Catanzaro,BORGIA,24,0,,,
Catanzaro,CATANZARO,36,47,,,
Catanzaro,CHIARAVALLE CENTRALE,5,0,,,
Catanzaro,CROPANI,16,0,,,
Catanzaro,CURINGA,1,0,,,
Catanzaro,FALERNA,5,0,,,
Catanzaro,LAMEZIA TERME,107,5,,,
Catanzaro,MARCELLINARA,9,0,,,
Catanzaro,MONTEPAONE,2,0,,,
Catanzaro,PETRONA',2,0,,,
Catanzaro,SERSALE,3,3,,,
Catanzaro,SOVERATO,1,1,,,
Catanzaro,SQUILLACE,6,0,,,
Chieti,ALTINO,5,0,,,
Chieti,ATESSA,25,0,,,
Chieti,BUCCHIANICO,3,0,,,
Chieti,CASOLI,0,2,,,
Chieti,CHIETI,14,11,,,
Chieti,FARA FILIORUM PETRI,1,0,,,
Chieti,FOSSACESIA,1,0,,,
Chieti,FRANCAVILLA AL MARE,3,2,,,
Chieti,GISSI,0,1,,,
Chieti,GUARDIAGRELE,2,0,,,
Chieti,LANCIANO,6,5,,,
Chieti,ORSOGNA,2,0,,,
Chieti,ORTONA,8,0,,,
Chieti,PAGLIETA,5,0,,,
Chieti,PALENA,1,0,,,
Chieti,RIPA TEATINA,1,0,,,
Chieti,SCERNI,0,12,,,
Chieti,TOLLO,7,0,,,
Chieti,VASTO,2,4,,,
Como,ALBAVILLA,19,0,,,
Como,ALBESE CON CASSANO,0,1,,,
Como,ALZATE BRIANZA,2,0,,,
Como,APPIANO GENTILE,10,0,,,
Como,AROSIO,2,0,,,
Como,ASSO,1,0,,,
Como,BELLAGIO,7,0,,,
Como,CABIATE,11,0,,,
Como,CADORAGO,28,0,,,
Como,CANTù,9,0,,,
Como,CANTU',42,44,,,
Como,CAPIAGO INTIMIANO,29,0,,,
Como,CARUGO,1,0,,,
Como,CASNATE CON BERNATE,2,0,,,
Como,CENTRO VALLE INTELVI,13,0,,,
Como,CERNOBBIO,20,0,,,
Como,COMO,56,108,,,
Como,CUCCIAGO,11,0,,,
Como,DONGO,6,0,,,
Como,ERBA,7,26,,,
Como,FALOPPIO,2,0,,,
Como,FENEGRò,2,0,,,
Como,FENEGRO',38,0,,,
Como,FIGINO SERENZA,25,0,,,
Como,INVERIGO,2,0,,,
Como,LOMAZZO,6,0,,,
Como,LURAGO D'ERBA,72,0,,,
Como,LURATE CACCIVIO,9,0,,,
Como,MARIANO COMENSE,22,39,,,
Como,MENAGGIO,5,11,,,
Como,MERONE,27,0,,,
Como,MOZZATE,16,0,,,
Como,NOVEDRATE,4,0,,,
Como,OLGIATE COMASCO,16,8,,,
Como,PONTE LAMBRO,12,0,,,
Como,PORLEZZA,8,0,,,
Como,PUSIANO,2,0,,,
Como,ROVELLASCA,86,0,,,
Como,ROVELLO PORRO,1,0,,,
Como,SOLBIATE CON CAGNO,1,0,,,
Como,TAVERNERIO,3,0,,,
Como,TREMEZZINA,10,0,,,
Como,TURATE,11,0,,,
Como,UGGIATE-TREVANO,2,0,,,
Como,VALMOREA,9,0,,,
Como,VENIANO,1,0,,,
Como,VILLA GUARDIA,9,0,,,
Cosenza,ACRI,1,3,,,
Cosenza,APRIGLIANO,8,0,,,
Cosenza,BELMONTE CALABRO,2,0,,,
Cosenza,BELVEDERE MARITTIMO,31,0,,,
Cosenza,CASALI DEL MANCO,7,0,,,
Cosenza,CASSANO ALL'IONIO,1,2,,,
Cosenza,CASTROLIBERO,14,0,,,
Cosenza,CASTROVILLARI,1,1,,,
Cosenza,CERISANO,44,0,,,
Cosenza,CETRARO,62,0,,,
Cosenza,COSENZA,31,47,,,
Cosenza,DIAMANTE,9,1,,,
Cosenza,FUSCALDO,14,0,,,
Cosenza,GUARDIA PIEMONTESE,1,0,,,
Cosenza,MANGONE,24,0,,,
Cosenza,MONTALTO UFFUGO,4,0,,,
Cosenza,PAOLA,2,26,,,
Cosenza,PRAIA A MARE,2,0,,,
Cosenza,RENDE,52,8,,,
Cosenza,ROGGIANO GRAVINA,16,0,,,
Cosenza,ROSE,4,0,,,
Cosenza,SAN GIOVANNI IN FIORE,12,2,,,
Cosenza,SAN MARCO ARGENTANO,2,0,,,
Cosenza,SCALEA,4,11,,,
Cosenza,SPEZZANO DELLA SILA,5,0,,,
Cosenza,TORANO CASTELLO,19,0,,,
Cosenza,TREBISACCE,4,0,,,
Cosenza,VILLAPIANA,1,0,,,
Cremona,BAGNOLO CREMASCO,6,0,,,
Cremona,CASALBUTTANO ED UNITI,8,0,,,
Cremona,CASALMAGGIORE,2,5,,,
Cremona,CASTELLEONE,7,0,,,
Cremona,CASTELVERDE,25,0,,,
Cremona,CREMA,14,52,,,
Cremona,CREMONA,44,42,,,
Cremona,GUSSOLA,3,0,,,
Cremona,MONTODINE,6,0,,,
Cremona,OFFANENGO,8,0,,,
Cremona,PANDINO,4,0,,,
Cremona,PIZZIGHETTONE,9,0,,,
Cremona,RIVOLTA D'ADDA,5,0,,,
Cremona,SONCINO,3,0,,,
Cremona,SORESINA,3,0,,,
Cremona,SPINO D'ADDA,7,0,,,
Cremona,TRESCORE CREMASCO,4,0,,,
Cremona,VESCOVATO,2,0,,,
Crotone,CACCURI,4,0,,,
Crotone,CROTONE,4,11,,,
Crotone,ISOLA DI CAPO RIZZUTO,1,0,,,
Crotone,STRONGOLI,13,0,,,
Cuneo,ALBA,27,92,,,
Cuneo,BAGNOLO PIEMONTE,1,0,,,
Cuneo,BARGE,1,0,,,
Cuneo,BERNEZZO,5,0,,,
Cuneo,BORGO SAN DALMAZZO,21,0,,,
Cuneo,BOSSOLASCO,3,0,,,
Cuneo,BOVES,18,0,,,
Cuneo,BRA,107,97,,,
Cuneo,BUSCA,7,0,,,
Cuneo,CANALE,3,0,,,
Cuneo,CARAGLIO,28,0,,,
Cuneo,CARRU',15,0,,,
Cuneo,CAVALLERMAGGIORE,23,0,,,
Cuneo,CENTALLO,16,0,,,
Cuneo,CERVASCA,17,0,,,
Cuneo,CEVA,2,22,,,
Cuneo,CHERASCO,12,0,,,
Cuneo,CHIUSA DI PESIO,11,0,,,
Cuneo,CUNEO,87,324,,,
Cuneo,DEMONTE,2,0,,,
Cuneo,DIANO D'ALBA,2,0,,,
Cuneo,DOGLIANI,30,0,,,
Cuneo,DRONERO,3,0,,,
Cuneo,FOSSANO,35,4,,,
Cuneo,GARESSIO,8,0,,,
Cuneo,GENOLA,1,0,,,
Cuneo,LA MORRA,5,0,,,
Cuneo,MONASTEROLO DI SAVIGLIANO,1,0,,,
Cuneo,MONDOVI',13,62,,,
Cuneo,MORETTA,12,0,,,
Cuneo,MOROZZO,32,0,,,
Cuneo,NEIVE,5,0,,,
Cuneo,PIASCO,6,0,,,
Cuneo,RACCONIGI,13,0,,,
Cuneo,REVELLO,2,0,,,
Cuneo,RUFFIA,1,0,,,
Cuneo,SALUZZO,44,112,,,
Cuneo,SAN MICHELE MONDOVI',2,0,,,
Cuneo,SANFRONT,12,0,,,
Cuneo,SANTA VITTORIA D'ALBA,4,0,,,
Cuneo,SANTO STEFANO BELBO,4,0,,,
Cuneo,SAVIGLIANO,37,110,,,
Cuneo,SCARNAFIGI,2,0,,,
Cuneo,SOMMARIVA DEL BOSCO,30,0,,,
Cuneo,SOMMARIVA PERNO,7,0,,,
Cuneo,TORRE SAN GIORGIO,1,0,,,
Cuneo,VENASCA,5,0,,,
Cuneo,VERZUOLO,13,0,,,
Cuneo,VILLANOVA MONDOVI',9,0,,,
Enna,CATENANUOVA,5,0,,,
Enna,ENNA,0,1,,,
Enna,LEONFORTE,14,0,,,
Enna,NICOSIA,10,0,,,
Enna,PIAZZA ARMERINA,0,3,,,
Enna,PIETRAPERZIA,1,0,,,
Enna,REGALBUTO,8,0,,,
Enna,TROINA,3,0,,,
Fermo,AMANDOLA,0,6,,,
Fermo,FALERONE,7,0,,,
Fermo,FERMO,6,52,,,
Fermo,MONTE URANO,2,0,,,
Fermo,MONTEGIORGIO,10,0,,,
Fermo,MONTEGRANARO,11,0,,,
Fermo,MONTERUBBIANO,2,0,,,
Fermo,PETRITOLI,2,0,,,
Fermo,PORTO SAN GIORGIO,8,0,,,
Fermo,PORTO SANT'ELPIDIO,15,1,,,
Fermo,SANT'ELPIDIO A MARE,6,0,,,
Ferrara,BONDENO,3,0,,,
Ferrara,CENTO,10,6,,,
Ferrara,CODIGORO,3,4,,,
Ferrara,COMACCHIO,5,0,,,
Ferrara,COPPARO,3,0,,,
Ferrara,FERRARA,33,52,,,
Ferrara,OSTELLATO,9,0,,,
Ferrara,PORTOMAGGIORE,1,0,,,
Ferrara,TERRE DEL RENO,3,0,,,
Ferrara,TRESIGNANA,1,0,,,
Firenze,BAGNO A RIPOLI,27,0,,,
Firenze,BARBERINO DI MUGELLO,2,0,,,
Firenze,BARBERINO TAVARNELLE,5,0,,,
Firenze,BORGO SAN LORENZO,20,14,,,
Firenze,CALENZANO,11,0,,,
Firenze,CAMPI BISENZIO,51,0,,,
Firenze,CAPRAIA E LIMITE,11,0,,,
Firenze,CASTELFIORENTINO,16,16,,,
Firenze,CERRETO GUIDI,24,0,,,
Firenze,CERTALDO,15,0,,,
Firenze,EMPOLI,14,88,,,
Firenze,FIESOLE,5,0,,,
Firenze,FIGLINE E INCISA VALDARNO,37,60,,,
Firenze,FIRENZE,235,599,,,
Firenze,FUCECCHIO,14,31,,,
Firenze,GAMBASSI TERME,5,0,,,
Firenze,GREVE IN CHIANTI,3,0,,,
Firenze,IMPRUNETA,4,0,,,
Firenze,LASTRA A SIGNA,20,0,,,
Firenze,MONTELUPO FIORENTINO,13,0,,,
Firenze,MONTESPERTOLI,1,0,,,
Firenze,PELAGO,4,0,,,
Firenze,PONTASSIEVE,2,12,,,
Firenze,REGGELLO,17,0,,,
Firenze,RIGNANO SULL'ARNO,10,0,,,
Firenze,SAN CASCIANO IN VAL DI PESA,11,0,,,
Firenze,SCANDICCI,31,7,,,
Firenze,SCARPERIA E SAN PIERO,9,0,,,
Firenze,SESTO FIORENTINO,8,31,,,
Firenze,SIGNA,8,0,,,
Firenze,VICCHIO,65,0,,,
Firenze,VINCI,5,0,,,
Foggia,ACCADIA,3,0,,,
Foggia,APRICENA,8,3,,,
Foggia,ASCOLI SATRIANO,2,0,,,
Foggia,BICCARI,6,0,,,
Foggia,CERIGNOLA,8,19,,,
Foggia,FOGGIA,35,26,,,
Foggia,LUCERA,22,0,,,
Foggia,MANFREDONIA,44,11,,,
Foggia,MATTINATA,9,0,,,
Foggia,MONTE SANT'ANGELO,15,0,,,
Foggia,ORTA NOVA,13,15,,,
Foggia,RODI GARGANICO,0,1,,,
Foggia,SAN GIOVANNI ROTONDO,3,38,,,
Foggia,SAN MARCO IN LAMIS,2,3,,,
Foggia,SAN PAOLO DI CIVITATE,1,0,,,
Foggia,SAN SEVERO,5,0,,,
Foggia,STORNARA,16,0,,,
Foggia,STORNARELLA,2,0,,,
Foggia,TROIA,6,0,,,
Foggia,VIESTE,12,4,,,
Forlì-Cesena,CASTROCARO TERME E TERRA DEL SOLE,3,0,,,
Forlì-Cesena,CESENA,17,57,,,
Forlì-Cesena,CESENATICO,3,2,,,
Forlì-Cesena,CIVITELLA DI ROMAGNA,2,0,,,
Forlì-Cesena,FORLì,8,0,,,
Forlì-Cesena,FORLI',21,40,,,
Forlì-Cesena,FORLIMPOPOLI,6,0,,,
Forlì-Cesena,LONGIANO,3,0,,,
Forlì-Cesena,MELDOLA,3,0,,,
Forlì-Cesena,SAN MAURO PASCOLI,1,0,,,
Forlì-Cesena,SAVIGNANO SUL RUBICONE,1,0,,,
Forlì-Cesena,SOGLIANO AL RUBICONE,2,0,,,
Frosinone,ALATRI,15,10,,,
Frosinone,AMASENO,3,0,,,
Frosinone,ANAGNI,5,5,,,
Frosinone,AQUINO,7,0,,,
Frosinone,ARCE,5,0,,,
Frosinone,ARPINO,9,19,,,
Frosinone,ATINA,3,0,,,
Frosinone,BOVILLE ERNICA,3,0,,,
Frosinone,BROCCOSTELLA,14,0,,,
Frosinone,CASSINO,37,50,,,
Frosinone,CASTRO DEI VOLSCI,5,0,,,
Frosinone,CECCANO,13,16,,,
Frosinone,CERVARO,10,0,,,
Frosinone,ESPERIA,1,0,,,
Frosinone,FERENTINO,9,6,,,
Frosinone,FROSINONE,44,30,,,
Frosinone,GUARCINO,6,0,,,
Frosinone,ISOLA DEL LIRI,14,5,,,
Frosinone,MONTE SAN GIOVANNI CAMPANO,3,0,,,
Frosinone,PALIANO,7,0,,,
Frosinone,PIEDIMONTE SAN GERMANO,9,0,,,
Frosinone,PONTECORVO,7,0,,,
Frosinone,RIPI,2,0,,,
Frosinone,ROCCASECCA,6,0,,,
Frosinone,SANT'ELIA FIUMERAPIDO,1,0,,,
Frosinone,SORA,22,79,,,
Frosinone,SUPINO,1,0,,,
Frosinone,VEROLI,21,13,,,
Genova,ARENZANO,7,0,,,
Genova,BOGLIASCO,8,0,,,
Genova,BUSALLA,12,0,,,
Genova,CAMPOMORONE,11,0,,,
Genova,CARASCO,4,0,,,
Genova,CASARZA LIGURE,5,0,,,
Genova,CASELLA,4,0,,,
Genova,CHIAVARI,25,17,,,
Genova,CICAGNA,3,0,,,
Genova,COGOLETO,21,0,,,
Genova,COGORNO,5,0,,,
Genova,GENOVA,513,421,,,
Genova,LAVAGNA,8,0,,,
Genova,MASONE,9,0,,,
Genova,RAPALLO,8,22,,,
Genova,RECCO,12,0,,,
Genova,RONCO SCRIVIA,0,28,,,
Genova,SANT'OLCESE,1,0,,,
Genova,SERRA RICCO',7,0,,,
Genova,SESTRI LEVANTE,16,7,,,
Genova,TORRIGLIA,2,0,,,
Gorizia,DOBERDO' DEL LAGO,16,0,,,
Gorizia,FOGLIANO REDIPUGLIA,6,0,,,
Gorizia,GORIZIA,10,95,,,
Gorizia,GRADISCA D'ISONZO,4,4,,,
Gorizia,MONFALCONE,0,1,,,
Gorizia,RONCHI DEI LEGIONARI,3,0,,,
Gorizia,SAN CANZIAN D'ISONZO,3,0,,,
Gorizia,STARANZANO,4,0,,,
Grosseto,ARCIDOSSO,0,4,,,
Grosseto,CASTEL DEL PIANO,6,0,,,
Grosseto,CASTIGLIONE DELLA PESCAIA,3,0,,,
Grosseto,FOLLONICA,26,32,,,
Grosseto,GAVORRANO,8,0,,,
Grosseto,GROSSETO,60,39,,,
Grosseto,MANCIANO,1,0,,,
Grosseto,MASSA MARITTIMA,0,16,,,
Grosseto,MONTE ARGENTARIO,3,31,,,
Grosseto,ORBETELLO,9,0,,,
Grosseto,PITIGLIANO,2,0,,,
Imperia,BORDIGHERA,9,0,,,
Imperia,CAMPOROSSO,36,0,,,
Imperia,IMPERIA,28,58,,,
Imperia,RIVA LIGURE,7,0,,,
Imperia,SANREMO,58,8,,,
Imperia,TAGGIA,19,9,,,
Imperia,VALLECROSIA,14,0,,,
Imperia,VENTIMIGLIA,22,11,,,
Isernia,AGNONE,13,0,,,
Isernia,CAROVILLI,12,0,,,
Isernia,COLLI A VOLTURNO,19,0,,,
Isernia,FROSOLONE,12,0,,,
Isernia,ISERNIA,48,96,,,
Isernia,VENAFRO,1,61,,,
La Spezia,ARCOLA,7,0,,,
La Spezia,BOLANO,2,0,,,
La Spezia,CASTELNUOVO MAGRA,2,0,,,
La Spezia,FOLLO,4,0,,,
La Spezia,LA SPEZIA,63,55,,,
La Spezia,LEVANTO,3,0,,,
La Spezia,LUNI,3,0,,,
La Spezia,RICCO' DEL GOLFO DI SPEZIA,8,0,,,
La Spezia,SANTO STEFANO DI MAGRA,7,0,,,
La Spezia,SARZANA,7,6,,,
La Spezia,SESTA GODANO,1,0,,,
La Spezia,VEZZANO LIGURE,12,0,,,
L'Aquila,AVEZZANO,13,120,,,
L'Aquila,BALSORANO,14,0,,,
L'Aquila,CAPISTRELLO,20,0,,,
L'Aquila,CARSOLI,11,0,,,
L'Aquila,CASTEL DI SANGRO,2,1,,,
L'Aquila,CELANO,7,0,,,
L'Aquila,CIVITELLA ROVETO,15,0,,,
L'Aquila,GIOIA DEI MARSI,1,0,,,
L'Aquila,L'AQUILA,97,117,,,
L'Aquila,LUCO DEI MARSI,7,0,,,
L'Aquila,MAGLIANO DE' MARSI,14,0,,,
L'Aquila,NAVELLI,5,0,,,
L'Aquila,PESCASSEROLI,1,0,,,
L'Aquila,PESCINA,10,0,,,
L'Aquila,PIZZOLI,11,0,,,
L'Aquila,PRATOLA PELIGNA,4,0,,,
L'Aquila,ROCCARASO,0,3,,,
L'Aquila,SAN DEMETRIO NE' VESTINI,31,0,,,
L'Aquila,SCOPPITO,10,0,,,
L'Aquila,SULMONA,8,4,,,
L'Aquila,TAGLIACOZZO,7,0,,,
L'Aquila,TRASACCO,6,0,,,
Latina,APRILIA,73,51,,,
Latina,CASTELFORTE,21,0,,,
Latina,CISTERNA DI LATINA,70,20,,,
Latina,CORI,5,0,,,
Latina,FONDI,29,36,,,
Latina,FORMIA,75,81,,,
Latina,GAETA,3,8,,,
Latina,ITRI,4,0,,,
Latina,LATINA,146,129,,,
Latina,MINTURNO,7,0,,,
Latina,MONTE SAN BIAGIO,11,0,,,
Latina,PONTINIA,1,0,,,
Latina,PRIVERNO,2,1,,,
Latina,ROCCAGORGA,20,0,,,
Latina,SABAUDIA,1,0,,,
Latina,SANTI COSMA E DAMIANO,33,0,,,
Latina,SERMONETA,6,0,,,
Latina,SEZZE,4,15,,,
Latina,SONNINO,4,0,,,
Latina,TERRACINA,42,22,,,
Lecce,ALEZIO,6,0,,,
Lecce,ALLISTE,2,0,,,
Lecce,ANDRANO,2,0,,,
Lecce,ARNESANO,1,0,,,
Lecce,CAMPI SALENTINA,5,0,,,
Lecce,CASARANO,15,68,,,
Lecce,COLLEPASSO,1,0,,,
Lecce,COPERTINO,7,1,,,
Lecce,GALATINA,1,0,,,
Lecce,GALATONE,0,17,,,
Lecce,LECCE,65,67,,,
Lecce,LEQUILE,1,0,,,
Lecce,LEVERANO,10,0,,,
Lecce,LIZZANELLO,2,0,,,
Lecce,MAGLIE,2,19,,,
Lecce,MARTANO,8,1,,,
Lecce,MIGGIANO,21,0,,,
Lecce,MONTERONI DI LECCE,11,0,,,
Lecce,NARDO',2,8,,,
Lecce,PARABITA,2,1,,,
Lecce,RACALE,17,0,,,
Lecce,RUFFANO,7,0,,,
Lecce,SALICE SALENTINO,10,0,,,
Lecce,SCORRANO,3,0,,,
Lecce,SOLETO,46,0,,,
Lecce,SQUINZANO,6,0,,,
Lecce,SURBO,1,0,,,
Lecce,TAURISANO,10,0,,,
Lecce,TRICASE,55,26,,,
Lecce,UGGIANO LA CHIESA,1,0,,,
Lecce,VERNOLE,16,0,,,
Lecco,BARZAGO,1,0,,,
Lecco,BARZANò,2,0,,,
Lecco,BARZANO',9,0,,,
Lecco,BELLANO,9,0,,,
Lecco,BOSISIO PARINI,8,0,,,
Lecco,BRIVIO,6,0,,,
Lecco,CALOLZIOCORTE,3,0,,,
Lecco,CASATENOVO,5,15,,,
Lecco,CASSAGO BRIANZA,3,0,,,
Lecco,CERNUSCO LOMBARDONE,9,0,,,
Lecco,CIVATE,1,0,,,
Lecco,COLICO,10,4,,,
Lecco,COSTA MASNAGA,6,0,,,
Lecco,CREMENO,2,0,,,
Lecco,GALBIATE,6,0,,,
Lecco,LA VALLETTA BRIANZA,27,0,,,
Lecco,LECCO,42,76,,,
Lecco,MERATE,9,50,,,
Lecco,MISSAGLIA,23,0,,,
Lecco,MOLTENO,17,0,,,
Lecco,MONTICELLO BRIANZA,0,6,,,
Lecco,OGGIONO,12,18,,,
Lecco,OLGIATE MOLGORA,4,0,,,
Lecco,OLGINATE,2,0,,,
Lecco,PREMANA,7,0,,,
Lecco,ROBBIATE,8,0,,,
Lecco,SIRONE,6,0,,,
Lecco,VALMADRERA,5,0,,,
Lecco,VERDERIO,8,0,,,
Livorno,CAMPIGLIA MARITTIMA,13,0,,,
Livorno,CASTAGNETO CARDUCCI,7,0,,,
Livorno,CECINA,26,16,,,
Livorno,COLLESALVETTI,7,0,,,
Livorno,LIVORNO,70,81,,,
Livorno,PIOMBINO,21,2,,,
Livorno,PORTOFERRAIO,2,2,,,
Livorno,ROSIGNANO MARITTIMO,7,5,,,
Livorno,SASSETTA,1,0,,,
Lodi,BORGHETTO LODIGIANO,11,0,,,
Lodi,CASALPUSTERLENGO,11,20,,,
Lodi,CASTIGLIONE D'ADDA,3,0,,,
Lodi,CODOGNO,9,14,,,
Lodi,LIVRAGA,5,0,,,
Lodi,LODI,75,34,,,
Lodi,LODI VECCHIO,2,0,,,
Lodi,MALEO,4,0,,,
Lodi,MULAZZANO,8,0,,,
Lodi,SALERANO SUL LAMBRO,3,0,,,
Lodi,SANT'ANGELO LODIGIANO,12,0,,,
Lodi,TAVAZZANO CON VILLAVESCO,11,0,,,
Lodi,ZELO BUON PERSICO,28,0,,,
Lucca,ALTOPASCIO,11,0,,,
Lucca,BARGA,7,20,,,
Lucca,BORGO A MOZZANO,10,0,,,
Lucca,CAMAIORE,10,12,,,
Lucca,CAPANNORI,18,0,,,
Lucca,CASTELNUOVO DI GARFAGNANA,7,22,,,
Lucca,CASTIGLIONE DI GARFAGNANA,9,0,,,
Lucca,COREGLIA ANTELMINELLI,3,0,,,
Lucca,FORTE DEI MARMI,6,0,,,
Lucca,GALLICANO,7,0,,,
Lucca,LUCCA,56,66,,,
Lucca,MASSAROSA,9,0,,,
Lucca,MONTECARLO,4,0,,,
Lucca,PESCAGLIA,1,0,,,
Lucca,PIAZZA AL SERCHIO,10,0,,,
Lucca,PIETRASANTA,27,1,,,
Lucca,PORCARI,1,9,,,
Lucca,SERAVEZZA,4,0,,,
Lucca,STAZZEMA,9,0,,,
Lucca,VIAREGGIO,25,33,,,
Macerata,APPIGNANO,1,0,,,
Macerata,CALDAROLA,1,0,,,
Macerata,CAMERINO,4,0,,,
Macerata,CASTELRAIMONDO,6,0,,,
Macerata,CINGOLI,4,0,,,
Macerata,CIVITANOVA MARCHE,85,29,,,
Macerata,COLMURANO,1,0,,,
Macerata,CORRIDONIA,1,6,,,
Macerata,MACERATA,26,64,,,
Macerata,MATELICA,2,2,,,
Macerata,MONTE SAN GIUSTO,6,0,,,
Macerata,MONTECASSIANO,10,0,,,
Macerata,MORROVALLE,47,0,,,
Macerata,POLLENZA,3,0,,,
Macerata,PORTO RECANATI,4,0,,,
Macerata,POTENZA PICENA,5,0,,,
Macerata,RECANATI,13,10,,,
Macerata,SAN GINESIO,38,22,,,
Macerata,SAN SEVERINO MARCHE,1,2,,,
Macerata,SARNANO,2,0,,,
Macerata,TOLENTINO,15,3,,,
Macerata,TREIA,10,0,,,
Mantova,ASOLA,1,2,,,
Mantova,BORGO VIRGILIO,6,0,,,
Mantova,BORGOCARBONARA,1,0,,,
Mantova,BOZZOLO,4,0,,,
Mantova,CANNETO SULL'OGLIO,18,0,,,
Mantova,CASTEL GOFFREDO,17,0,,,
Mantova,CASTELLUCCHIO,2,0,,,
Mantova,CASTIGLIONE DELLE STIVIERE,17,12,,,
Mantova,CERESARA,2,0,,,
Mantova,COMMESSAGGIO,4,0,,,
Mantova,CURTATONE,3,0,,,
Mantova,GOITO,5,0,,,
Mantova,GONZAGA,3,1,,,
Mantova,GUIDIZZOLO,3,0,,,
Mantova,MANTOVA,20,31,,,
Mantova,MARMIROLO,2,0,,,
Mantova,OSTIGLIA,12,8,,,
Mantova,PEGOGNAGA,1,0,,,
Mantova,PORTO MANTOVANO,9,0,,,
Mantova,QUISTELLO,2,0,,,
Mantova,ROVERBELLA,3,0,,,
Mantova,SAN BENEDETTO PO,1,0,,,
Mantova,SERMIDE E FELONICA,18,0,,,
Mantova,SUZZARA,27,6,,,
Mantova,VIADANA,25,17,,,
Mantova,VOLTA MANTOVANA,4,0,,,
Massa-Carrara,AULLA,23,0,,,
Massa-Carrara,BAGNONE,0,6,,,
Massa-Carrara,CARRARA,48,58,,,
Massa-Carrara,LICCIANA NARDI,10,0,,,
Massa-Carrara,MASSA,173,120,,,
Massa-Carrara,MONTIGNOSO,21,0,,,
Massa-Carrara,PONTREMOLI,1,3,,,
Massa-Carrara,VILLAFRANCA IN LUNIGIANA,2,25,,,
Matera,BERNALDA,1,0,,,
Matera,FERRANDINA,9,0,,,
Matera,MATERA,21,34,,,
Matera,MIGLIONICO,2,0,,,
Matera,NOVA SIRI,2,0,,,
Matera,POLICORO,2,0,,,
Matera,STIGLIANO,7,0,,,
Matera,TRICARICO,1,6,,,
Matera,VALSINNI,4,0,,,
Messina,ACQUEDOLCI,6,0,,,
Messina,BARCELLONA POZZO DI GOTTO,22,0,,,
Messina,CAPIZZI,17,0,,,
Messina,CASTELL'UMBERTO,3,0,,,
Messina,FRANCAVILLA DI SICILIA,9,0,,,
Messina,GIARDINI-NAXOS,3,0,,,
Messina,LIPARI,1,0,,,
Messina,LONGI,12,0,,,
Messina,MESSINA,46,20,,,
Messina,MILAZZO,18,1,,,
Messina,PACE DEL MELA,14,0,,,
Messina,PATTI,4,0,,,
Messina,ROCCALUMERA,5,0,,,
Messina,SAN FILIPPO DEL MELA,3,0,,,
Messina,SAN PIERO PATTI,5,0,,,
Messina,SANTA TERESA DI RIVA,9,25,,,
Messina,SANT'AGATA DI MILITELLO,0,6,,,
Messina,TAORMINA,14,7,,,
Messina,TERME VIGLIATORE,7,0,,,
Messina,TORRENOVA,13,0,,,
Messina,TORTORICI,11,0,,,
Messina,VILLAFRANCA TIRRENA,1,0,,,
Milano,ABBIATEGRASSO,26,23,,,
Milano,ARESE,45,20,,,
Milano,ARLUNO,55,0,,,
Milano,ASSAGO,11,0,,,
Milano,BARANZATE,11,0,,,
Milano,BAREGGIO,3,0,,,
Milano,BASIGLIO,6,0,,,
Milano,BERNATE TICINO,1,0,,,
Milano,BINASCO,4,0,,,
Milano,BOLLATE,94,45,,,
Milano,BRESSO,7,0,,,
Milano,BUCCINASCO,38,0,,,
Milano,BUSCATE,45,0,,,
Milano,BUSSERO,15,0,,,
Milano,BUSTO GAROLFO,12,0,,,
Milano,CANEGRATE,13,0,,,
Milano,CARUGATE,22,0,,,
Milano,CASSANO D'ADDA,7,0,,,
Milano,CASSINA DE' PECCHI,10,0,,,
Milano,CASTANO PRIMO,6,19,,,
Milano,CERNUSCO SUL NAVIGLIO,42,36,,,
Milano,CERRO MAGGIORE,8,0,,,
Milano,CESANO BOSCONE,26,0,,,
Milano,CESATE,17,0,,,
Milano,CINISELLO BALSAMO,64,43,,,
Milano,CISLIANO,18,0,,,
Milano,COLOGNO MONZESE,87,10,,,
Milano,CORBETTA,10,0,,,
Milano,CORMANO,18,0,,,
Milano,CORNAREDO,29,0,,,
Milano,CORSICO,73,11,,,
Milano,CUSANO MILANINO,48,0,,,
Milano,GAGGIANO,6,0,,,
Milano,GARBAGNATE MILANESE,33,14,,,
Milano,GESSATE,37,0,,,
Milano,GORGONZOLA,31,20,,,
Milano,INVERUNO,6,0,,,
Milano,INZAGO,10,18,,,
Milano,LACCHIARELLA,12,0,,,
Milano,LAINATE,62,0,,,
Milano,LEGNANO,76,83,,,
Milano,LOCATE DI TRIULZI,16,0,,,
Milano,MAGENTA,19,26,,,
Milano,MAGNAGO,4,0,,,
Milano,MARCALLO CON CASONE,12,0,,,
Milano,MASATE,1,0,,,
Milano,MEDIGLIA,13,0,,,
Milano,MELEGNANO,43,4,,,
Milano,MELZO,16,18,,,
Milano,MILANO,1202,1332,,,
Milano,MOTTA VISCONTI,4,0,,,
Milano,NERVIANO,15,0,,,
Milano,NOVATE MILANESE,28,0,,,
Milano,NOVIGLIO,5,0,,,
Milano,OPERA,8,0,,,
Milano,OSSONA,17,0,,,
Milano,PADERNO DUGNANO,85,11,,,
Milano,PANTIGLIATE,7,0,,,
Milano,PARABIAGO,23,38,,,
Milano,PAULLO,9,0,,,
Milano,PERO,24,0,,,
Milano,PESCHIERA BORROMEO,34,0,,,
Milano,PESSANO CON BORNAGO,3,0,,,
Milano,PIEVE EMANUELE,11,0,,,
Milano,PIOLTELLO,28,9,,,
Milano,POGLIANO MILANESE,13,0,,,
Milano,POZZUOLO MARTESANA,5,0,,,
Milano,PREGNANA MILANESE,14,0,,,
Milano,RESCALDINA,12,0,,,
Milano,RHO,61,100,,,
Milano,ROSATE,17,0,,,
Milano,ROZZANO,26,19,,,
Milano,SAN DONATO MILANESE,43,38,,,
Milano,SAN GIULIANO MILANESE,32,0,,,
Milano,SAN VITTORE OLONA,5,0,,,
Milano,SANTO STEFANO TICINO,1,0,,,
Milano,SEDRIANO,15,0,,,
Milano,SEGRATE,46,0,,,
Milano,SENAGO,53,0,,,
Milano,SESTO SAN GIOVANNI,94,112,,,
Milano,SETTALA,19,0,,,
Milano,SETTIMO MILANESE,30,0,,,
Milano,SOLARO,10,0,,,
Milano,TREZZANO ROSA,5,0,,,
Milano,TREZZANO SUL NAVIGLIO,21,0,,,
Milano,TREZZO SULL'ADDA,1,7,,,
Milano,TURBIGO,5,0,,,
Milano,VAPRIO D'ADDA,5,0,,,
Milano,VERMEZZO CON ZELO,26,0,,,
Milano,VERNATE,1,0,,,
Milano,VIGNATE,9,0,,,
Milano,VILLA CORTESE,10,13,,,
Milano,VIMODRONE,20,0,,,
Milano,VITTUONE,5,26,,,
Milano,VIZZOLO PREDABISSI,12,0,,,
Modena,BOMPORTO,9,0,,,
Modena,CAMPOGALLIANO,5,0,,,
Modena,CARPI,23,12,,,
Modena,CASTELFRANCO EMILIA,14,6,,,
Modena,CASTELNUOVO RANGONE,1,0,,,
Modena,CASTELVETRO DI MODENA,2,0,,,
Modena,CAVEZZO,3,0,,,
Modena,CONCORDIA SULLA SECCHIA,8,0,,,
Modena,FINALE EMILIA,17,3,,,
Modena,FORMIGINE,9,0,,,
Modena,MARANELLO,3,8,,,
Modena,MIRANDOLA,2,23,,,
Modena,MODENA,102,128,,,
Modena,NONANTOLA,17,0,,,
Modena,NOVI DI MODENA,6,0,,,
Modena,PAVULLO NEL FRIGNANO,13,4,,,
Modena,RAVARINO,3,0,,,
Modena,SAN CESARIO SUL PANARO,6,0,,,
Modena,SAN FELICE SUL PANARO,11,0,,,
Modena,SAN PROSPERO,28,0,,,
Modena,SASSUOLO,16,45,,,
Modena,SESTOLA,1,0,,,
Modena,SOLIERA,1,0,,,
Modena,SPILAMBERTO,2,0,,,
Modena,VIGNOLA,15,9,,,
Monza e della Brianza,AGRATE BRIANZA,24,0,,,
Monza e della Brianza,ALBIATE,21,0,,,
Monza e della Brianza,ARCORE,15,0,,,
Monza e della Brianza,BARLASSINA,12,0,,,
Monza e della Brianza,BELLUSCO,17,0,,,
Monza e della Brianza,BERNAREGGIO,15,0,,,
Monza e della Brianza,BESANA IN BRIANZA,25,8,,,
Monza e della Brianza,BIASSONO,11,0,,,
Monza e della Brianza,BOVISIO-MASCIAGO,18,0,,,
Monza e della Brianza,BRIOSCO,2,0,,,
Monza e della Brianza,BRUGHERIO,97,0,,,
Monza e della Brianza,BURAGO DI MOLGORA,1,0,,,
Monza e della Brianza,BUSNAGO,28,1,,,
Monza e della Brianza,CAPONAGO,1,0,,,
Monza e della Brianza,CARATE BRIANZA,21,17,,,
Monza e della Brianza,CARNATE,5,0,,,
Monza e della Brianza,CAVENAGO DI BRIANZA,7,0,,,
Monza e della Brianza,CERIANO LAGHETTO,10,0,,,
Monza e della Brianza,CESANO MADERNO,65,50,,,
Monza e della Brianza,COGLIATE,32,0,,,
Monza e della Brianza,CONCOREZZO,52,0,,,
Monza e della Brianza,CORNATE D'ADDA,8,0,,,
Monza e della Brianza,DESIO,82,45,,,
Monza e della Brianza,GIUSSANO,32,25,,,
Monza e della Brianza,LAZZATE,12,0,,,
Monza e della Brianza,LENTATE SUL SEVESO,30,0,,,
Monza e della Brianza,LESMO,18,0,,,
Monza e della Brianza,LIMBIATE,67,60,,,
Monza e della Brianza,LISSONE,62,85,,,
Monza e della Brianza,MACHERIO,18,0,,,
Monza e della Brianza,MEDA,77,32,,,
Monza e della Brianza,MISINTO,1,0,,,
Monza e della Brianza,MONZA,344,215,,,
Monza e della Brianza,MUGGIò,3,0,,,
Monza e della Brianza,MUGGIO',47,2,,,
Monza e della Brianza,NOVA MILANESE,39,0,,,
Monza e della Brianza,ORNAGO,6,0,,,
Monza e della Brianza,RENATE,4,0,,,
Monza e della Brianza,RONCELLO,3,0,,,
Monza e della Brianza,SEREGNO,61,71,,,
Monza e della Brianza,SEVESO,44,0,,,
Monza e della Brianza,SOVICO,85,0,,,
Monza e della Brianza,SULBIATE,9,0,,,
Monza e della Brianza,TRIUGGIO,1,0,,,
Monza e della Brianza,USMATE VELATE,13,0,,,
Monza e della Brianza,VAREDO,28,0,,,
Monza e della Brianza,VEDANO AL LAMBRO,5,0,,,
Monza e della Brianza,VEDUGGIO CON COLZANO,5,0,,,
Monza e della Brianza,VERANO BRIANZA,4,0,,,
Monza e della Brianza,VILLASANTA,20,0,,,
Monza e della Brianza,VIMERCATE,136,51,,,
Napoli,ACERRA,93,12,,,
Napoli,AFRAGOLA,99,52,,,
Napoli,AGEROLA,1,0,,,
Napoli,ARZANO,19,8,,,
Napoli,BOSCOREALE,2,0,,,
Napoli,BRUSCIANO,1,0,,,
Napoli,CAIVANO,58,12,,,
Napoli,CALVIZZANO,8,0,,,
Napoli,CAPRI,2,0,,,
Napoli,CARDITO,13,0,,,
Napoli,CASALNUOVO DI NAPOLI,46,28,,,
Napoli,CASAMICCIOLA TERME,8,0,,,
Napoli,CASANDRINO,9,0,,,
Napoli,CASAVATORE,15,0,,,
Napoli,CASOLA DI NAPOLI,19,0,,,
Napoli,CASORIA,65,30,,,
Napoli,CASTELLAMMARE DI STABIA,57,17,,,
Napoli,CERCOLA,13,0,,,
Napoli,CICCIANO,13,0,,,
Napoli,CIMITILE,7,0,,,
Napoli,CRISPANO,9,0,,,
Napoli,ERCOLANO,25,11,,,
Napoli,FORIO,2,0,,,
Napoli,FRATTAMAGGIORE,69,50,,,
Napoli,FRATTAMINORE,30,0,,,
Napoli,GIUGLIANO IN CAMPANIA,31,30,,,
Napoli,GRAGNANO,6,2,,,
Napoli,GRUMO NEVANO,30,0,,,
Napoli,ISCHIA,12,0,,,
Napoli,MARANO DI NAPOLI,55,28,,,
Napoli,MARIGLIANO,15,18,,,
Napoli,MASSA LUBRENSE,28,0,,,
Napoli,MELITO DI NAPOLI,6,14,,,
Napoli,META,3,6,,,
Napoli,MONTE DI PROCIDA,1,0,,,
Napoli,MUGNANO DI NAPOLI,1,0,,,
Napoli,NAPOLI,355,388,,,
Napoli,NOLA,57,30,,,
Napoli,OTTAVIANO,40,36,,,
Napoli,PALMA CAMPANIA,4,0,,,
Napoli,PIANO DI SORRENTO,1,0,,,
Napoli,POGGIOMARINO,30,0,,,
Napoli,POMIGLIANO D'ARCO,9,27,,,
Napoli,POMPEI,12,0,,,
Napoli,PORTICI,44,80,,,
Napoli,POZZUOLI,41,48,,,
Napoli,PROCIDA,10,0,,,
Napoli,QUALIANO,9,0,,,
Napoli,QUARTO,11,7,,,
Napoli,ROCCARAINOLA,2,0,,,
Napoli,SAN GENNARO VESUVIANO,0,4,,,
Napoli,SAN GIORGIO A CREMANO,84,40,,,
Napoli,SAN GIUSEPPE VESUVIANO,25,0,,,
Napoli,SAN SEBASTIANO AL VESUVIO,24,12,,,
Napoli,SANTA MARIA LA CARITà,2,0,,,
Napoli,SANTA MARIA LA CARITA',8,0,,,
Napoli,SANT'AGNELLO,8,0,,,
Napoli,SANT'ANASTASIA,3,111,,,
Napoli,SANT'ANTIMO,14,5,,,
Napoli,SANT'ANTONIO ABATE,7,0,,,
Napoli,SAVIANO,6,2,,,
Napoli,SOMMA VESUVIANA,24,36,,,
Napoli,SORRENTO,1,15,,,
Napoli,STRIANO,3,24,,,
Napoli,TERZIGNO,6,0,,,
Napoli,TORRE ANNUNZIATA,14,5,,,
Napoli,TORRE DEL GRECO,26,7,,,
Napoli,TRECASE,1,0,,,
Napoli,VICO EQUENSE,4,8,,,
Napoli,VILLARICCA,3,0,,,
Napoli,VISCIANO,8,0,,,
Napoli,VOLLA,4,0,,,
Novara,ARONA,1,27,,,
Novara,BELLINZAGO NOVARESE,9,0,,,
Novara,BIANDRATE,6,0,,,
Novara,BORGOMANERO,15,17,,,
Novara,CAMERI,16,0,,,
Novara,CARPIGNANO SESIA,12,0,,,
Novara,GALLIATE,5,0,,,
Novara,GATTICO-VERUNO,11,0,,,
Novara,GOZZANO,8,0,,,
Novara,INVORIO,7,0,,,
Novara,NOVARA,176,93,,,
Novara,OLEGGIO,18,0,,,
Novara,ROMAGNANO SESIA,6,0,,,
Novara,ROMENTINO,1,1,,,
Novara,SAN MAURIZIO D'OPAGLIO,21,0,,,
Novara,TRECATE,28,0,,,
Novara,VARALLO POMBIA,37,0,,,
Nuoro,ATZARA,2,0,,,
Nuoro,BARI SARDO,2,0,,,
Nuoro,BAUNEI,1,0,,,
Nuoro,DESULO,2,0,,,
Nuoro,DORGALI,36,0,,,
Nuoro,GAVOI,5,0,,,
Nuoro,ILBONO,3,0,,,
Nuoro,IRGOLI,2,0,,,
Nuoro,LANUSEI,0,3,,,
Nuoro,MACOMER,46,41,,,
Nuoro,NUORO,32,67,,,
Nuoro,OLIENA,17,0,,,
Nuoro,ORANI,1,0,,,
Nuoro,ORGOSOLO,6,0,,,
Nuoro,OROTELLI,5,0,,,
Nuoro,SILANUS,1,0,,,
Nuoro,SINISCOLA,1,1,,,
Nuoro,TORPE',11,0,,,
Nuoro,TORTOLI',0,6,,,
Nuoro,VILLAGRANDE STRISAILI,1,0,,,
Oristano,ALES,10,0,,,
Oristano,BOSA,0,3,,,
Oristano,GHILARZA,2,0,,,
Oristano,MARRUBIU,3,0,,,
Oristano,MOGORO,1,0,,,
Oristano,ORISTANO,63,121,,,
Oristano,SAMUGHEO,8,0,,,
Oristano,SAN VERO MILIS,6,0,,,
Oristano,SANTU LUSSURGIU,4,0,,,
Oristano,SIAMANNA,1,0,,,
Oristano,SIMAXIS,7,0,,,
Oristano,TERRALBA,16,0,,,
Padova,ABANO TERME,7,12,,,
Padova,ALBIGNASEGO,10,0,,,
Padova,BORGO VENETO,8,0,,,
Padova,BORGORICCO,3,0,,,
Padova,CAMPODARSEGO,18,0,,,
Padova,CAMPOSAMPIERO,7,8,,,
Padova,CARMIGNANO DI BRENTA,16,0,,,
Padova,CASALE DI SCODOSIA,6,0,,,
Padova,CASALSERUGO,5,0,,,
Padova,CERVARESE SANTA CROCE,2,0,,,
Padova,CITTADELLA,17,47,,,
Padova,CODEVIGO,4,0,,,
Padova,CORREZZOLA,2,0,,,
Padova,CURTAROLO,4,0,,,
Padova,DUE CARRARE,4,0,,,
Padova,ESTE,6,20,,,
Padova,FONTANIVA,1,0,,,
Padova,GALLIERA VENETA,2,0,,,
Padova,GRANTORTO,4,0,,,
Padova,LEGNARO,7,0,,,
Padova,LIMENA,9,0,,,
Padova,LOREGGIA,8,0,,,
Padova,LOZZO ATESTINO,3,0,,,
Padova,MASERA' DI PADOVA,10,0,,,
Padova,MASSANZAGO,3,0,,,
Padova,MESTRINO,1,0,,,
Padova,MONSELICE,4,14,,,
Padova,MONTAGNANA,1,7,,,
Padova,MONTEGROTTO TERME,7,0,,,
Padova,NOVENTA PADOVANA,2,1,,,
Padova,PADOVA,79,176,,,
Padova,PIAZZOLA SUL BRENTA,3,11,,,
Padova,PIOMBINO DESE,1,0,,,
Padova,PIOVE DI SACCO,12,15,,,
Padova,PONSO,2,0,,,
Padova,PONTE SAN NICOLò,1,0,,,
Padova,PONTE SAN NICOLO',22,0,,,
Padova,POZZONOVO,2,0,,,
Padova,RUBANO,9,0,,,
Padova,SACCOLONGO,6,0,,,
Padova,SAN GIORGIO DELLE PERTICHE,5,0,,,
Padova,SAN GIORGIO IN BOSCO,4,0,,,
Padova,SAN MARTINO DI LUPARI,12,0,,,
Padova,SAN PIETRO IN GU,1,0,,,
Padova,SANT'ANGELO DI PIOVE DI SACCO,2,0,,,
Padova,SAONARA,12,0,,,
Padova,SELVAZZANO DENTRO,8,1,,,
Padova,SOLESINO,5,0,,,
Padova,TEOLO,4,0,,,
Padova,TOMBOLO,2,0,,,
Padova,TREBASELEGHE,10,0,,,
Padova,TRIBANO,5,0,,,
Padova,VIGODARZERE,6,0,,,
Padova,VIGONZA,11,0,,,
Padova,VILLAFRANCA PADOVANA,4,0,,,
Palermo,ALIA,1,0,,,
Palermo,ALTOFONTE,11,0,,,
Palermo,BAGHERIA,43,12,,,
Palermo,BALESTRATE,1,0,,,
Palermo,BISACQUINO,14,1,,,
Palermo,BORGETTO,3,0,,,
Palermo,CACCAMO,32,0,,,
Palermo,CAMPOFELICE DI ROCCELLA,3,0,,,
Palermo,CAPACI,9,0,,,
Palermo,CARINI,48,25,,,
Palermo,CASTELDACCIA,5,0,,,
Palermo,CEFALU',1,6,,,
Palermo,CERDA,8,0,,,
Palermo,CHIUSA SCLAFANI,5,0,,,
Palermo,CINISI,8,0,,,
Palermo,CORLEONE,2,14,,,
Palermo,FICARAZZI,19,0,,,
Palermo,ISOLA DELLE FEMMINE,1,0,,,
Palermo,MARINEO,8,0,,,
Palermo,MEZZOJUSO,1,0,,,
Palermo,MISILMERI,27,0,,,
Palermo,MONREALE,24,16,,,
Palermo,MONTELEPRE,5,0,,,
Palermo,MONTEMAGGIORE BELSITO,18,0,,,
Palermo,PALERMO,302,232,,,
Palermo,PARTINICO,29,12,,,
Palermo,PETRALIA SOPRANA,2,0,,,
Palermo,PIANA DEGLI ALBANESI,1,0,,,
Palermo,SAN CIPIRELLO,4,0,,,
Palermo,SAN GIUSEPPE JATO,1,0,,,
Palermo,SANTA FLAVIA,1,0,,,
Palermo,TERMINI IMERESE,5,5,,,
Palermo,TERRASINI,5,0,,,
Palermo,VILLABATE,12,0,,,
Parma,BEDONIA,1,0,,,
Parma,BUSSETO,2,0,,,
Parma,COLORNO,7,0,,,
Parma,FELINO,6,0,,,
Parma,FIDENZA,3,1,,,
Parma,FONTANELLATO,1,0,,,
Parma,FORNOVO DI TARO,3,0,,,
Parma,MONTECHIARUGOLO,4,0,,,
Parma,NEVIANO DEGLI ARDUINI,3,0,,,
Parma,NOCETO,4,0,,,
Parma,PARMA,45,81,,,
Parma,SALSOMAGGIORE TERME,1,3,,,
Parma,SAN SECONDO PARMENSE,5,0,,,
Parma,SISSA TRECASALI,2,0,,,
Parma,SORBOLO MEZZANI,5,0,,,
Parma,TORRILE,4,0,,,
Parma,TRAVERSETOLO,25,1,,,
Pavia,BELGIOIOSO,4,0,,,
Pavia,BEREGUARDO,9,0,,,
Pavia,BRESSANA BOTTARONE,9,0,,,
Pavia,BRONI,4,0,,,
Pavia,CASORATE PRIMO,3,0,,,
Pavia,CASSOLNOVO,8,0,,,
Pavia,CASTEGGIO,2,0,,,
Pavia,CAVA MANARA,4,0,,,
Pavia,CERTOSA DI PAVIA,4,0,,,
Pavia,CHIGNOLO PO,1,0,,,
Pavia,GAMBOLO',9,0,,,
Pavia,GARLASCO,11,0,,,
Pavia,GERENZAGO,1,0,,,
Pavia,LANDRIANO,10,0,,,
Pavia,MEDE,2,0,,,
Pavia,MORTARA,7,10,,,
Pavia,PAVIA,93,45,,,
Pavia,RIVANAZZANO TERME,1,0,,,
Pavia,ROBBIO,1,0,,,
Pavia,SAN MARTINO SICCOMARIO,7,0,,,
Pavia,SANNAZZARO DE' BURGONDI,1,0,,,
Pavia,SANTA MARIA DELLA VERSA,3,0,,,
Pavia,SIZIANO,5,0,,,
Pavia,STRADELLA,3,3,,,
Pavia,VARZI,1,0,,,
Pavia,VIDIGULFO,11,0,,,
Pavia,VIGEVANO,47,23,,,
Pavia,VILLANTERIO,7,0,,,
Pavia,VOGHERA,17,24,,,
Perugia,ASSISI,44,108,,,
Perugia,BASTIA UMBRA,41,0,,,
Perugia,BEVAGNA,14,0,,,
Perugia,CASCIA,27,0,,,
Perugia,CASTIGLIONE DEL LAGO,0,11,,,
Perugia,CERRETO DI SPOLETO,1,0,,,
Perugia,CITTA' DELLA PIEVE,7,6,,,
Perugia,CITTA' DI CASTELLO,48,9,,,
Perugia,CITTà DI CASTELLO,16,0,,,
Perugia,CORCIANO,26,0,,,
Perugia,DERUTA,49,0,,,
Perugia,FOLIGNO,71,48,,,
Perugia,GIANO DELL'UMBRIA,7,0,,,
Perugia,GUALDO TADINO,1,10,,,
Perugia,GUBBIO,61,14,,,
Perugia,MAGIONE,21,0,,,
Perugia,MARSCIANO,13,0,,,
Perugia,NORCIA,14,0,,,
Perugia,PANICALE,23,0,,,
Perugia,PASSIGNANO SUL TRASIMENO,21,0,,,
Perugia,PERUGIA,322,229,,,
Perugia,SAN GIUSTINO,10,0,,,
Perugia,SIGILLO,14,0,,,
Perugia,SPELLO,65,0,,,
Perugia,SPOLETO,20,19,,,
Perugia,TODI,18,82,,,
Perugia,TORGIANO,37,0,,,
Perugia,UMBERTIDE,60,33,,,
Perugia,VALFABBRICA,14,0,,,
Pesaro e Urbino,APECCHIO,1,0,,,
Pesaro e Urbino,COLLI AL METAURO,4,0,,,
Pesaro e Urbino,FANO,19,13,,,
Pesaro e Urbino,FERMIGNANO,7,0,,,
Pesaro e Urbino,MERCATINO CONCA,7,0,,,
Pesaro e Urbino,MONDOLFO,1,0,,,
Pesaro e Urbino,PESARO,56,53,,,
Pesaro e Urbino,PIANDIMELETO,4,0,,,
Pesaro e Urbino,TERRE ROVERESCHE,4,0,,,
Pesaro e Urbino,URBANIA,0,18,,,
Pesaro e Urbino,URBINO,5,6,,,
Pesaro e Urbino,VALLEFOGLIA,2,0,,,
Pescara,ALANNO,6,0,,,
Pescara,CEPAGATTI,2,0,,,
Pescara,CITTA' SANT'ANGELO,7,65,,,
Pescara,COLLECORVINO,4,0,,,
Pescara,LORETO APRUTINO,12,0,,,
Pescara,MANOPPELLO,7,0,,,
Pescara,MONTESILVANO,12,14,,,
Pescara,PENNE,0,4,,,
Pescara,PESCARA,101,51,,,
Pescara,PIANELLA,2,0,,,
Pescara,POPOLI,0,1,,,
Pescara,ROSCIANO,5,0,,,
Pescara,SPOLTORE,2,0,,,
Pescara,TORRE DE' PASSERI,5,0,,,
Piacenza,BORGONOVO VAL TIDONE,13,0,,,
Piacenza,CADEO,8,0,,,
Piacenza,CARPANETO PIACENTINO,2,0,,,
Piacenza,CASTEL SAN GIOVANNI,5,1,,,
Piacenza,CASTELL'ARQUATO,1,0,,,
Piacenza,CORTEMAGGIORE,2,0,,,
Piacenza,FIORENZUOLA D'ARDA,13,3,,,
Piacenza,PIACENZA,85,111,,,
Piacenza,PIANELLO VAL TIDONE,2,0,,,
Piacenza,PODENZANO,7,0,,,
Piacenza,PONTE DELL'OLIO,14,0,,,
Piacenza,RIVERGARO,8,0,,,
Piacenza,ROTTOFRENO,7,0,,,
Piacenza,SAN GIORGIO PIACENTINO,1,0,,,
Pisa,BIENTINA,28,0,,,
Pisa,CALCINAIA,18,0,,,
Pisa,CAPANNOLI,30,0,,,
Pisa,CASCIANA TERME LARI,8,0,,,
Pisa,CASCINA,59,30,,,
Pisa,CASTELFRANCO DI SOTTO,13,0,,,
Pisa,FAUGLIA,16,0,,,
Pisa,MONTESCUDAIO,8,0,,,
Pisa,PECCIOLI,28,0,,,
Pisa,PISA,80,288,,,
Pisa,POMARANCE,12,0,,,
Pisa,PONSACCO,7,0,,,
Pisa,PONTEDERA,30,332,,,
Pisa,SAN GIULIANO TERME,21,0,,,
Pisa,SAN MINIATO,48,24,,,
Pisa,SANTA CROCE SULL'ARNO,12,0,,,
Pisa,SANTA MARIA A MONTE,64,0,,,
Pisa,VECCHIANO,3,0,,,
Pisa,VICOPISANO,28,0,,,
Pisa,VOLTERRA,0,26,,,
Pistoia,AGLIANA,12,9,,,
Pistoia,CHIESINA UZZANESE,24,0,,,
Pistoia,LAMPORECCHIO,21,0,,,
Pistoia,LARCIANO,11,0,,,
Pistoia,MASSA E COZZILE,14,0,,,
Pistoia,MONSUMMANO TERME,19,0,,,
Pistoia,MONTALE,5,0,,,
Pistoia,MONTECATINI-TERME,9,60,,,
Pistoia,PESCIA,8,48,,,
Pistoia,PIEVE A NIEVOLE,1,0,,,
Pistoia,PISTOIA,56,84,,,
Pistoia,QUARRATA,18,0,,,
Pistoia,SAN MARCELLO PITEGLIO,15,0,,,
Pistoia,SERRAVALLE PISTOIESE,3,0,,,
Pordenone,AZZANO DECIMO,1,0,,,
Pordenone,CASARSA DELLA DELIZIA,1,0,,,
Pordenone,CHIONS,3,0,,,
Pordenone,CORDENONS,1,0,,,
Pordenone,CORDOVADO,3,0,,,
Pordenone,FIUME VENETO,2,0,,,
Pordenone,FONTANAFREDDA,1,0,,,
Pordenone,MANIAGO,2,1,,,
Pordenone,MONTEREALE VALCELLINA,1,0,,,
Pordenone,PORCIA,11,0,,,
Pordenone,PORDENONE,18,30,,,
Pordenone,PRATA DI PORDENONE,1,0,,,
Pordenone,SACILE,2,9,,,
Pordenone,SAN VITO AL TAGLIAMENTO,5,5,,,
Pordenone,SPILIMBERGO,0,3,,,
Pordenone,TRAVESIO,2,0,,,
Pordenone,VIVARO,1,0,,,
Pordenone,ZOPPOLA,1,0,,,
Potenza,AVIGLIANO,17,0,,,
Potenza,BARAGIANO,2,0,,,
Potenza,BRIENZA,33,0,,,
Potenza,GENZANO DI LUCANIA,23,55,,,
Potenza,LAGONEGRO,1,2,,,
Potenza,LAURENZANA,1,0,,,
Potenza,LAURIA,2,0,,,
Potenza,LAVELLO,3,0,,,
Potenza,MARATEA,0,1,,,
Potenza,MELFI,2,22,,,
Potenza,MOLITERNO,27,0,,,
Potenza,PALAZZO SAN GERVASIO,31,0,,,
Potenza,PICERNO,2,0,,,
Potenza,POTENZA,41,31,,,
Potenza,RIONERO IN VULTURE,1,0,,,
Potenza,SANT'ARCANGELO,0,1,,,
Potenza,SATRIANO DI LUCANIA,1,0,,,
Potenza,SENISE,0,2,,,
Potenza,TRAMUTOLA,2,0,,,
Potenza,VENOSA,11,42,,,
Potenza,VIGGIANELLO,1,0,,,
Prato,CARMIGNANO,24,0,,,
Prato,MONTEMURLO,14,0,,,
Prato,POGGIO A CAIANO,3,0,,,
Prato,PRATO,173,183,,,
Prato,VAIANO,27,0,,,
Prato,VERNIO,34,0,,,
Ragusa,ACATE,7,0,,,
Ragusa,COMISO,34,4,,,
Ragusa,ISPICA,17,0,,,
Ragusa,MODICA,4,21,,,
Ragusa,POZZALLO,10,0,,,
Ragusa,RAGUSA,29,19,,,
Ragusa,SANTA CROCE CAMERINA,1,0,,,
Ragusa,VITTORIA,70,25,,,
Ravenna,ALFONSINE,2,0,,,
Ravenna,BAGNACAVALLO,3,0,,,
Ravenna,BRISIGHELLA,27,0,,,
Ravenna,CASTEL BOLOGNESE,6,0,,,
Ravenna,CERVIA,73,10,,,
Ravenna,CONSELICE,1,0,,,
Ravenna,COTIGNOLA,3,0,,,
Ravenna,FAENZA,16,20,,,
Ravenna,FUSIGNANO,2,0,,,
Ravenna,LUGO,12,16,,,
Ravenna,MASSA LOMBARDA,5,0,,,
Ravenna,RAVENNA,50,28,,,
Ravenna,RIOLO TERME,0,7,,,
Ravenna,RUSSI,5,0,,,
Reggio Calabria,ARDORE,6,0,,,
Reggio Calabria,BOVA MARINA,7,0,,,
Reggio Calabria,BOVALINO,50,8,,,
Reggio Calabria,CAULONIA,10,0,,,
Reggio Calabria,CINQUEFRONDI,6,0,,,
Reggio Calabria,GIOIA TAURO,6,2,,,
Reggio Calabria,LAUREANA DI BORRELLO,2,0,,,
Reggio Calabria,LOCRI,4,10,,,
Reggio Calabria,MELICUCCO,2,0,,,
Reggio Calabria,OPPIDO MAMERTINA,10,1,,,
Reggio Calabria,PALMI,63,19,,,
Reggio Calabria,POLISTENA,2,17,,,
Reggio Calabria,REGGIO DI CALABRIA,69,27,,,
Reggio Calabria,ROCCELLA IONICA,0,12,,,
Reggio Calabria,ROSARNO,23,2,,,
Reggio Calabria,SAN GIORGIO MORGETO,1,0,,,
Reggio Calabria,SAN LUCA,18,0,,,
Reggio Calabria,TAURIANOVA,10,0,,,
Reggio Calabria,VILLA SAN GIOVANNI,1,4,,,
Reggio nell'Emilia,ALBINEA,5,0,,,
Reggio nell'Emilia,BAGNOLO IN PIANO,10,0,,,
Reggio nell'Emilia,BAISO,26,0,,,
Reggio nell'Emilia,BORETTO,1,0,,,
Reggio nell'Emilia,CADELBOSCO DI SOPRA,4,0,,,
Reggio nell'Emilia,CARPINETI,2,0,,,
Reggio nell'Emilia,CASALGRANDE,9,0,,,
Reggio nell'Emilia,CASTELNOVO DI SOTTO,1,0,,,
Reggio nell'Emilia,CASTELNOVO NE' MONTI,0,4,,,
Reggio nell'Emilia,CORREGGIO,12,41,,,
Reggio nell'Emilia,FABBRICO,2,0,,,
Reggio nell'Emilia,GATTATICO,3,0,,,
Reggio nell'Emilia,GUALTIERI,2,0,,,
Reggio nell'Emilia,GUASTALLA,3,7,,,
Reggio nell'Emilia,LUZZARA,1,0,,,
Reggio nell'Emilia,MONTECCHIO EMILIA,4,14,,,
Reggio nell'Emilia,NOVELLARA,1,0,,,
Reggio nell'Emilia,QUATTRO CASTELLA,5,0,,,
Reggio nell'Emilia,REGGIO NELL'EMILIA,58,165,,,
Reggio nell'Emilia,REGGIOLO,6,0,,,
Reggio nell'Emilia,RUBIERA,8,0,,,
Reggio nell'Emilia,SAN MARTINO IN RIO,4,0,,,
Reggio nell'Emilia,SAN POLO D'ENZA,4,0,,,
Reggio nell'Emilia,SANT'ILARIO D'ENZA,8,1,,,
Reggio nell'Emilia,SCANDIANO,14,16,,,
Reggio nell'Emilia,TOANO,21,0,,,
Rieti,AMATRICE,2,0,,,
Rieti,ANTRODOCO,4,0,,,
Rieti,BORGOROSE,25,0,,,
Rieti,CITTADUCALE,8,0,,,
Rieti,CONTIGLIANO,1,0,,,
Rieti,FARA IN SABINA,30,19,,,
Rieti,LEONESSA,5,0,,,
Rieti,MAGLIANO SABINA,30,0,,,
Rieti,PETRELLA SALTO,3,0,,,
Rieti,POGGIO MIRTETO,7,43,,,
Rieti,RIETI,63,68,,,
Rieti,TORRI IN SABINA,15,0,,,
Rieti,TORRICELLA IN SABINA,3,0,,,
Rimini,BELLARIA-IGEA-MARINA,28,0,,,
Rimini,CATTOLICA,14,0,,,
Rimini,CORIANO,11,0,,,
Rimini,MISANO ADRIATICO,3,0,,,
Rimini,MONDAINO,1,0,,,
Rimini,MORCIANO DI ROMAGNA,12,2,,,
Rimini,NOVAFELTRIA,2,8,,,
Rimini,RICCIONE,21,44,,,
Rimini,RIMINI,87,73,,,
Rimini,SAN GIOVANNI IN MARIGNANO,13,0,,,
Rimini,SANTARCANGELO DI ROMAGNA,9,27,,,
Rimini,VERUCCHIO,11,0,,,
Roma,ALBANO LAZIALE,18,0,,,
Roma,ANGUILLARA SABAZIA,4,0,,,
Roma,ANZIO,13,7,,,
Roma,ARDEA,5,0,,,
Roma,ARICCIA,5,44,,,
Roma,ARSOLI,1,0,,,
Roma,ARTENA,3,0,,,
Roma,BRACCIANO,4,14,,,
Roma,CAMPAGNANO DI ROMA,23,0,,,
Roma,CAPENA,4,0,,,
Roma,CARPINETO ROMANO,4,0,,,
Roma,CASTEL GANDOLFO,9,0,,,
Roma,CASTEL MADAMA,20,0,,,
Roma,CASTELNUOVO DI PORTO,2,0,,,
Roma,CERVETERI,3,7,,,
Roma,CIAMPINO,19,29,,,
Roma,CIVITAVECCHIA,17,15,,,
Roma,CIVITELLA SAN PAOLO,12,0,,,
Roma,COLLEFERRO,1,12,,,
Roma,FIANO ROMANO,2,0,,,
Roma,FIUMICINO,100,16,,,
Roma,FONTE NUOVA,20,0,,,
Roma,FORMELLO,11,0,,,
Roma,FRASCATI,22,94,,,
Roma,GENAZZANO,8,0,,,
Roma,GENZANO DI ROMA,16,29,,,
Roma,GROTTAFERRATA,14,15,,,
Roma,GUIDONIA MONTECELIO,73,7,,,
Roma,LABICO,24,0,,,
Roma,LADISPOLI,30,14,,,
Roma,LANUVIO,4,0,,,
Roma,LARIANO,3,0,,,
Roma,MANZIANA,9,0,,,
Roma,MARINO,56,0,,,
Roma,MENTANA,13,0,,,
Roma,MONTE COMPATRI,8,0,,,
Roma,MONTE PORZIO CATONE,6,0,,,
Roma,MONTEROTONDO,10,37,,,
Roma,MONTORIO ROMANO,4,0,,,
Roma,MORLUPO,0,5,,,
Roma,NEMI,1,0,,,
Roma,NETTUNO,21,16,,,
Roma,OLEVANO ROMANO,7,0,,,
Roma,PALESTRINA,10,20,,,
Roma,PALOMBARA SABINA,4,5,,,
Roma,PISONIANO,10,0,,,
Roma,POMEZIA,19,22,,,
Roma,RIANO,3,0,,,
Roma,ROCCA PRIORA,5,0,,,
Roma,ROMA,2850,1967,,,
Roma,SACROFANO,7,0,,,
Roma,SAN CESAREO,1,0,,,
Roma,SANTA MARINELLA,3,0,,,
Roma,SEGNI,1,0,,,
Roma,SUBIACO,7,2,,,
Roma,TIVOLI,35,36,,,
Roma,TOLFA,6,0,,,
Roma,TREVIGNANO ROMANO,1,0,,,
Roma,VALMONTONE,9,2,,,
Roma,VELLETRI,10,22,,,
Roma,VICOVARO,12,0,,,
Roma,ZAGAROLO,8,12,,,
Rovigo,ADRIA,7,4,,,
Rovigo,ARIANO NEL POLESINE,2,0,,,
Rovigo,BADIA POLESINE,4,2,,,
Rovigo,CASTELMASSA,0,5,,,
Rovigo,FIESSO UMBERTIANO,2,0,,,
Rovigo,LENDINARA,7,0,,,
Rovigo,LOREO,8,0,,,
Rovigo,OCCHIOBELLO,3,0,,,
Rovigo,PORTO TOLLE,22,0,,,
Rovigo,PORTO VIRO,1,0,,,
Rovigo,ROVIGO,18,6,,,
Rovigo,TAGLIO DI PO,1,0,,,
Salerno,ALTAVILLA SILENTINA,1,0,,,
Salerno,ANGRI,14,0,,,
Salerno,BARONISSI,5,1,,,
Salerno,BATTIPAGLIA,33,2,,,
Salerno,BRACIGLIANO,4,0,,,
Salerno,BUCCINO,0,13,,,
Salerno,CAPACCIO PAESTUM,3,0,,,
Salerno,CAVA DE' TIRRENI,71,10,,,
Salerno,EBOLI,2,12,,,
Salerno,FISCIANO,17,0,,,
Salerno,MAIORI,0,1,,,
Salerno,MERCATO SAN SEVERINO,5,1,,,
Salerno,MONTECORVINO ROVELLA,1,0,,,
Salerno,NOCERA INFERIORE,2,17,,,
Salerno,NOCERA SUPERIORE,1,0,,,
Salerno,PAGANI,5,101,,,
Salerno,PONTECAGNANO FAIANO,29,0,,,
Salerno,RAVELLO,7,0,,,
Salerno,ROCCAPIEMONTE,0,1,,,
Salerno,SALA CONSILINA,1,0,,,
Salerno,SALERNO,13,34,,,
Salerno,SAN GIOVANNI A PIRO,11,0,,,
Salerno,SAN GREGORIO MAGNO,1,0,,,
Salerno,SAN VALENTINO TORIO,7,0,,,
Salerno,SANT'ARSENIO,2,3,,,
Salerno,SAPRI,1,0,,,
Salerno,SARNO,2,3,,,
Salerno,SCAFATI,57,38,,,
Salerno,SIANO,1,0,,,
Salerno,SICIGNANO DEGLI ALBURNI,6,0,,,
Salerno,TORRE ORSAIA,4,0,,,
Salerno,VALLO DELLA LUCANIA,18,0,,,
Salerno,VIETRI SUL MARE,5,0,,,
Sassari,AGGIUS,5,0,,,
Sassari,ALGHERO,17,0,,,
Sassari,ARZACHENA,53,4,,,
Sassari,BUDDUSO',13,0,,,
Sassari,BUDONI,4,0,,,
Sassari,CASTELSARDO,4,0,,,
Sassari,ITTIRI,3,0,,,
Sassari,LA MADDALENA,0,1,,,
Sassari,LOIRI PORTO SAN PAOLO,14,0,,,
Sassari,OLBIA,66,79,,,
Sassari,OSSI,37,0,,,
Sassari,OZIERI,5,11,,,
Sassari,PALAU,1,49,,,
Sassari,PERFUGAS,11,0,,,
Sassari,PORTO TORRES,48,10,,,
Sassari,POZZOMAGGIORE,1,0,,,
Sassari,SASSARI,96,113,,,
Sassari,SORSO,5,0,,,
Sassari,TEMPIO PAUSANIA,0,4,,,
Sassari,THIESI,3,0,,,
Sassari,VILLANOVA MONTELEONE,37,0,,,
Savona,ALASSIO,4,25,,,
Savona,ALBENGA,9,8,,,
Savona,ALBISOLA SUPERIORE,3,0,,,
Savona,ANDORA,6,0,,,
Savona,BORGHETTO SANTO SPIRITO,6,0,,,
Savona,CAIRO MONTENOTTE,12,19,,,
Savona,CARCARE,1,27,,,
Savona,FINALE LIGURE,2,39,,,
Savona,LOANO,11,12,,,
Savona,PIETRA LIGURE,16,0,,,
Savona,QUILIANO,5,0,,,
Savona,SAVONA,42,197,,,
Savona,SPOTORNO,2,0,,,
Savona,VADO LIGURE,29,0,,,
Savona,VARAZZE,14,0,,,
Siena,ASCIANO,8,0,,,
Siena,CASTELNUOVO BERARDENGA,7,0,,,
Siena,CETONA,4,0,,,
Siena,CHIUSI,10,16,,,
Siena,COLLE DI VAL D'ELSA,24,41,,,
Siena,MONTALCINO,1,0,,,
Siena,MONTEPULCIANO,3,24,,,
Siena,POGGIBONSI,18,12,,,
Siena,SIENA,50,133,,,
Siena,SINALUNGA,37,0,,,
Siena,SOVICILLE,5,0,,,
Siena,TORRITA DI SIENA,6,0,,,
Siracusa,AUGUSTA,5,4,,,
Siracusa,AVOLA,15,5,,,
Siracusa,CANICATTINI BAGNI,1,0,,,
Siracusa,FLORIDIA,1,2,,,
Siracusa,FRANCOFONTE,2,0,,,
Siracusa,LENTINI,1,6,,,
Siracusa,MELILLI,4,0,,,
Siracusa,NOTO,12,0,,,
Siracusa,PALAZZOLO ACREIDE,0,1,,,
Siracusa,ROSOLINI,1,0,,,
Siracusa,SIRACUSA,14,22,,,
Sondrio,ARDENNO,2,0,,,
Sondrio,BERBENNO DI VALTELLINA,1,0,,,
Sondrio,BORMIO,3,33,,,
Sondrio,CASTIONE ANDEVENNO,1,0,,,
Sondrio,CHIAVENNA,10,5,,,
Sondrio,CHIESA IN VALMALENCO,2,0,,,
Sondrio,CHIURO,1,0,,,
Sondrio,COSIO VALTELLINO,5,0,,,
Sondrio,DELEBIO,9,0,,,
Sondrio,GROSIO,3,0,,,
Sondrio,LIVIGNO,74,0,,,
Sondrio,MORBEGNO,3,9,,,
Sondrio,PONTE IN VALTELLINA,7,0,,,
Sondrio,SONDRIO,14,21,,,
Sondrio,TEGLIO,3,0,,,
Sondrio,TIRANO,3,1,,,
Sondrio,TRAONA,4,0,,,
Sondrio,VALDIDENTRO,3,0,,,
Sud Sardegna,ARBUS,2,0,,,
Sud Sardegna,CARBONIA,1,13,,,
Sud Sardegna,DECIMOPUTZU,6,0,,,
Sud Sardegna,DOLIANOVA,4,0,,,
Sud Sardegna,GONNOSFANADIGA,6,0,,,
Sud Sardegna,GUASILA,7,0,,,
Sud Sardegna,IGLESIAS,29,4,,,171
Sud Sardegna,ISILI,9,0,,,
Sud Sardegna,MONASTIR,16,0,,,
Sud Sardegna,SAN GAVINO MONREALE,0,5,,,
Sud Sardegna,SAN SPERATE,2,0,,,
Sud Sardegna,SANTADI,19,0,,,
Sud Sardegna,SENORBI',6,0,,,
Sud Sardegna,SERRAMANNA,10,0,,,
Sud Sardegna,VILLACIDRO,9,2,,,
Sud Sardegna,VILLAMAR,17,0,,,
Sud Sardegna,VILLAPUTZU,2,0,,,
Sud Sardegna,VILLASOR,2,0,,,
Taranto,CASTELLANETA,0,29,,,
Taranto,CRISPIANO,0,7,,,
Taranto,GINOSA,23,0,,,
Taranto,GROTTAGLIE,0,29,,,
Taranto,LATERZA,49,7,,,
Taranto,MARTINA FRANCA,34,29,,,
Taranto,MASSAFRA,46,2,,,
Taranto,MONTEIASI,12,0,,,
Taranto,MOTTOLA,0,4,,,
Taranto,PALAGIANELLO,8,0,,,
Taranto,PALAGIANO,38,0,,,
Taranto,SAN MARZANO DI SAN GIUSEPPE,1,0,,,
Taranto,SAVA,12,1,,,
Taranto,TARANTO,104,82,,,
Teramo,ALBA ADRIATICA,13,0,,,
Teramo,ATRI,37,33,,,
Teramo,CAMPLI,4,0,,,
Teramo,CASTELLALTO,13,0,,,
Teramo,CASTELLI,0,1,,,
Teramo,CASTIGLIONE MESSER RAIMONDO,17,0,,,
Teramo,CIVITELLA DEL TRONTO,1,0,,,
Teramo,CORROPOLI,12,0,,,
Teramo,GIULIANOVA,8,12,,,
Teramo,ISOLA DEL GRAN SASSO D'ITALIA,37,0,,,
Teramo,MARTINSICURO,7,0,,,
Teramo,MONTORIO AL VOMANO,58,0,,,
Teramo,MOSCIANO SANT'ANGELO,35,0,,,
Teramo,NERETO,6,6,,,
Teramo,NOTARESCO,1,0,,,
Teramo,PINETO,36,0,,,
Teramo,ROSETO DEGLI ABRUZZI,32,16,,,
Teramo,SANT'EGIDIO ALLA VIBRATA,16,0,,,
Teramo,TERAMO,48,99,,,
Teramo,TORTORETO,29,0,,,
Terni,ACQUASPARTA,18,0,,,
Terni,ALLERONA,8,0,,,
Terni,AMELIA,3,5,,,
Terni,ARRONE,1,0,,,
Terni,ATTIGLIANO,18,0,,,
Terni,FABRO,37,0,,,
Terni,MONTECASTRILLI,11,0,,,
Terni,NARNI,21,13,,,662
Terni,ORVIETO,68,84,,,
Terni,TERNI,153,222,,,
Torino,AIRASCA,3,0,,,
Torino,ALMESE,13,0,,,
Torino,ALPIGNANO,5,0,,,
Torino,ANDEZENO,11,0,,,
Torino,AVIGLIANA,4,8,,,
Torino,BALANGERO,8,0,,,
Torino,BEINASCO,54,0,,,
Torino,BORGARO TORINESE,27,0,,,
Torino,BRANDIZZO,10,0,,,
Torino,BRUSASCO,14,0,,,
Torino,BUSSOLENO,4,0,,,
Torino,BUTTIGLIERA ALTA,23,0,,,
Torino,CALUSO,5,40,,,
Torino,CAMBIANO,13,0,,,
Torino,CANDIOLO,15,0,,,
Torino,CARIGNANO,1,10,,,
Torino,CARMAGNOLA,43,66,,,
Torino,CASELETTE,1,0,,,
Torino,CASELLE TORINESE,26,0,,,
Torino,CASTELLAMONTE,2,0,,,
Torino,CASTIGLIONE TORINESE,1,0,,,
Torino,CERES,14,0,,,
Torino,CHIERI,61,35,,,
Torino,CHIUSA DI SAN MICHELE,1,0,,,
Torino,CHIVASSO,19,84,,,
Torino,CIRIE',57,66,,,
Torino,COLLEGNO,31,0,,,
Torino,CONDOVE,2,0,,,
Torino,CORIO,3,0,,,
Torino,CUMIANA,5,0,,,
Torino,CUORGNE',15,22,,,
Torino,DRUENTO,4,0,,,
Torino,FAVRIA,13,0,,,
Torino,FIANO,31,0,,,
Torino,FORNO CANAVESE,3,0,,,
Torino,GASSINO TORINESE,1,0,,,
Torino,GIAVENO,15,71,,,
Torino,GRUGLIASCO,30,30,,,
Torino,IVREA,8,40,,,
Torino,LA LOGGIA,11,0,,,
Torino,LANZO TORINESE,13,204,,,
Torino,LEINI,7,0,,,
Torino,LOMBRIASCO,0,1,,,
Torino,LUSERNA SAN GIOVANNI,1,0,,,
Torino,MONCALIERI,65,204,,,
Torino,MONTANARO,15,0,,,
Torino,NICHELINO,81,52,,,
Torino,NOLE,2,0,,,
Torino,NONE,36,0,,,
Torino,ORBASSANO,20,24,,,
Torino,OULX,1,9,,,
Torino,PAVONE CANAVESE,6,0,,,
Torino,PEROSA ARGENTINA,3,0,,,
Torino,PIANEZZA,22,17,,,
Torino,PINEROLO,18,60,,,
Torino,PIOSSASCO,7,0,,,
Torino,POIRINO,3,0,,,
Torino,PONT-CANAVESE,3,0,,,
Torino,RIVALTA DI TORINO,11,0,,,
Torino,RIVAROLO CANAVESE,1,26,,,
Torino,RIVOLI,20,35,,,
Torino,ROMANO CANAVESE,1,0,,,
Torino,SAN BENIGNO CANAVESE,2,0,,,
Torino,SAN GIORGIO CANAVESE,15,0,,,
Torino,SAN MAURIZIO CANAVESE,37,0,,,
Torino,SAN MAURO TORINESE,24,0,,,
Torino,SANT'AMBROGIO DI TORINO,5,0,,,
Torino,SANTENA,21,0,,,
Torino,SETTIMO TORINESE,54,69,,,
Torino,SETTIMO VITTONE,8,0,,,
Torino,STRAMBINO,11,0,,,
Torino,SUSA,2,2,,,
Torino,TORINO,647,645,,,
Torino,TRANA,4,0,,,
Torino,TROFARELLO,10,0,,,
Torino,VALPERGA,21,0,,,
Torino,VENARIA REALE,22,12,,,
Torino,VEROLENGO,4,0,,,
Torino,VILLAR PEROSA,1,0,,,
Torino,VISTRORIO,1,0,,,
Torino,VOLPIANO,37,0,,,
Torino,VOLVERA,5,0,,,
Trapani,ALCAMO,15,54,,,
Trapani,CAMPOBELLO DI MAZARA,28,0,,,
Trapani,CASTELLAMMARE DEL GOLFO,6,1,,,
Trapani,CASTELVETRANO,7,6,,,
Trapani,CUSTONACI,1,0,,,
Trapani,ERICE,8,18,,,
Trapani,MARSALA,9,2,,,
Trapani,MAZARA DEL VALLO,12,3,,,
Trapani,PACECO,2,0,,,
Trapani,PANTELLERIA,1,3,,,
Trapani,PETROSINO,1,0,,,
Trapani,SALEMI,2,0,,,
Trapani,TRAPANI,12,16,,,
Trapani,VALDERICE,1,0,,,
Treviso,ALTIVOLE,4,0,,,
Treviso,ASOLO,8,0,,,
Treviso,BREDA DI PIAVE,6,0,,,
Treviso,CAERANO DI SAN MARCO,3,0,,,
Treviso,CAPPELLA MAGGIORE,2,0,,,
Treviso,CARBONERA,1,0,,,
Treviso,CASIER,1,0,,,
Treviso,CASTELFRANCO VENETO,21,61,,,
Treviso,CODOGNE',3,0,,,
Treviso,CONEGLIANO,26,35,,,
Treviso,CORDIGNANO,11,0,,,
Treviso,CORNUDA,12,0,,,
Treviso,FARRA DI SOLIGO,4,0,,,
Treviso,FOLLINA,4,0,,,
Treviso,FONTE,1,0,,,
Treviso,GAIARINE,3,0,,,
Treviso,GODEGA DI SANT'URBANO,1,0,,,
Treviso,GORGO AL MONTICANO,10,0,,,
Treviso,LORIA,6,0,,,
Treviso,MARENO DI PIAVE,8,0,,,
Treviso,MASER,1,0,,,
Treviso,MASERADA SUL PIAVE,4,0,,,
Treviso,MIANE,2,0,,,
Treviso,MOGLIANO VENETO,8,4,,,
Treviso,MONTEBELLUNA,10,28,,,
Treviso,MOTTA DI LIVENZA,14,5,,,
Treviso,NERVESA DELLA BATTAGLIA,7,0,,,
Treviso,ODERZO,16,8,,,
Treviso,PAESE,11,0,,,
Treviso,PIEVE DEL GRAPPA,3,2,,,
Treviso,PIEVE DI SOLIGO,4,11,,,
Treviso,PONTE DI PIAVE,1,0,,,
Treviso,PONZANO VENETO,4,0,,,
Treviso,POSSAGNO,0,1,,,
Treviso,PREGANZIOL,3,0,,,
Treviso,QUINTO DI TREVISO,5,0,,,
Treviso,RESANA,9,0,,,
Treviso,RIESE PIO X,6,0,,,
Treviso,RONCADE,5,0,,,
Treviso,SALGAREDA,3,0,,,
Treviso,SAN BIAGIO DI CALLALTA,3,0,,,
Treviso,SAN FIOR,1,0,,,
Treviso,SAN POLO DI PIAVE,5,0,,,
Treviso,SAN ZENONE DEGLI EZZELINI,6,0,,,
Treviso,SANTA LUCIA DI PIAVE,8,0,,,
Treviso,SERNAGLIA DELLA BATTAGLIA,2,0,,,
Treviso,SILEA,9,0,,,
Treviso,SPRESIANO,7,0,,,
Treviso,SUSEGANA,1,0,,,
Treviso,TREVIGNANO,4,0,,,
Treviso,TREVISO,34,85,,,
Treviso,VALDOBBIADENE,8,4,,,
Treviso,VEDELAGO,9,0,,,
Treviso,VILLORBA,20,8,,,
Treviso,VITTORIO VENETO,12,22,,,
Treviso,VOLPAGO DEL MONTELLO,8,0,,,
Treviso,ZENSON DI PIAVE,4,0,,,
Trieste,DUINO-AURISINA,4,0,,,
Trieste,MUGGIA,4,0,,,
Trieste,SAN DORLIGO DELLA VALLE-DOLINA,1,0,,,
Trieste,TRIESTE,86,25,,,
Udine,AIELLO DEL FRIULI,10,0,,,
Udine,AMPEZZO,2,0,,,
Udine,AQUILEIA,11,0,,,
Udine,BASILIANO,1,0,,,
Udine,BUJA,1,0,,,
Udine,CERVIGNANO DEL FRIULI,8,23,,,
Udine,CIVIDALE DEL FRIULI,0,3,,,
Udine,CODROIPO,0,17,,,
Udine,COMEGLIANS,3,0,,,
Udine,FAEDIS,1,0,,,
Udine,GEMONA DEL FRIULI,4,8,,,
Udine,GONARS,10,0,,,
Udine,LATISANA,1,0,,,
Udine,LIGNANO SABBIADORO,4,0,,,
Udine,MANZANO,6,0,,,
Udine,MORTEGLIANO,2,0,,,
Udine,PAGNACCO,1,0,,,
Udine,PALAZZOLO DELLO STELLA,17,0,,,
Udine,PALMANOVA,2,0,,,
Udine,PALUZZA,3,0,,,
Udine,PASIAN DI PRATO,4,0,,,
Udine,POZZUOLO DEL FRIULI,28,0,,,
Udine,RIVIGNANO TEOR,8,0,,,
Udine,SAN DANIELE DEL FRIULI,6,0,,,
Udine,SAN GIORGIO DI NOGARO,15,0,,,
Udine,SAN PIETRO AL NATISONE,4,0,,,
Udine,SEDEGLIANO,2,0,,,
Udine,TARCENTO,2,0,,,
Udine,TARVISIO,0,11,,,
Udine,TAVAGNACCO,3,0,,,
Udine,TOLMEZZO,30,9,,,
Udine,TRASAGHIS,1,0,,,
Udine,TRICESIMO,1,0,,,
Udine,UDINE,27,72,,,
Varese,ANGERA,3,0,,,
Varese,ARCISATE,15,0,,,
Varese,AZZATE,16,0,,,
Varese,BESOZZO,14,8,,,
Varese,BISUSCHIO,19,0,,,
Varese,BRISSAGO-VALTRAVAGLIA,1,0,,,
Varese,BUSTO ARSIZIO,79,116,,,
Varese,CAIRATE,1,0,,,
Varese,CANTELLO,12,0,,,
Varese,CARAVATE,4,0,,,
Varese,CARDANO AL CAMPO,57,0,,,
Varese,CARONNO PERTUSELLA,56,0,,,
Varese,CASORATE SEMPIONE,51,0,,,
Varese,CASSANO MAGNAGO,76,3,,,
Varese,CASTELLANZA,73,22,,,
Varese,CASTELLO CABIAGLIO,3,0,,,
Varese,CASTIGLIONE OLONA,1,0,,,
Varese,CASTRONNO,5,0,,,
Varese,CAVARIA CON PREMEZZO,10,0,,,
Varese,CISLAGO,26,0,,,
Varese,CLIVIO,1,0,,,
Varese,COMERIO,9,0,,,
Varese,CUNARDO,39,0,,,
Varese,CUVEGLIO,1,0,,,
Varese,DAVERIO,1,0,,,
Varese,FAGNANO OLONA,49,0,,,
Varese,FERNO,1,0,,,
Varese,GALLARATE,86,59,,,
Varese,GAVIRATE,14,23,,,
Varese,GAZZADA SCHIANNO,29,0,,,
Varese,GEMONIO,30,0,,,
Varese,GERENZANO,54,0,,,
Varese,GERMIGNAGA,11,0,,,
Varese,GORLA MINORE,31,0,,,
Varese,INDUNO OLONA,25,0,,,
Varese,ISPRA,1,0,,,
Varese,LAVENA PONTE TRESA,14,0,,,
Varese,LAVENO-MOMBELLO,15,2,,,
Varese,LONATE CEPPINO,10,0,,,
Varese,LONATE POZZOLO,13,0,,,
Varese,LUINO,23,19,,,
Varese,LUVINATE,4,0,,,
Varese,MALNATE,34,0,,,
Varese,MONVALLE,1,0,,,
Varese,MORAZZONE,1,0,,,
Varese,MORNAGO,18,0,,,
Varese,OLGIATE OLONA,10,0,,,
Varese,PORTO CERESIO,10,0,,,
Varese,SAMARATE,29,0,,,
Varese,SARONNO,122,193,,,
Varese,SESTO CALENDE,32,37,,,
Varese,SOLBIATE ARNO,10,0,,,
Varese,SOLBIATE OLONA,19,0,,,
Varese,SOMMA LOMBARDO,10,0,,,
Varese,TRADATE,19,116,,,
Varese,TRAVEDONA-MONATE,9,0,,,
Varese,UBOLDO,27,0,,,
Varese,VARANO BORGHI,7,0,,,
Varese,VARESE,115,191,,,
Varese,VEDANO OLONA,6,0,,,
Varese,VENEGONO INFERIORE,6,0,,,
Varese,VENEGONO SUPERIORE,9,0,,,
Varese,VERGIATE,21,0,,,
Varese,VIGGIU',13,0,,,
Venezia,CAMPAGNA LUPIA,3,0,,,
Venezia,CAMPOLONGO MAGGIORE,1,0,,,
Venezia,CAMPONOGARA,2,0,,,
Venezia,CAORLE,10,0,,,
Venezia,CAVALLINO-TREPORTI,6,0,,,
Venezia,CAVARZERE,1,0,,,
Venezia,CEGGIA,2,0,,,
Venezia,CHIOGGIA,12,5,,,
Venezia,CINTO CAOMAGGIORE,2,0,,,
Venezia,CONCORDIA SAGITTARIA,1,0,,,
Venezia,DOLO,10,18,,,
Venezia,ERACLEA,13,0,,,
Venezia,FOSSò,1,0,,,
Venezia,FOSSO',3,0,,,
Venezia,JESOLO,9,8,,,
Venezia,MARCON,4,0,,,
Venezia,MEOLO,9,0,,,
Venezia,MIRA,58,0,,,
Venezia,MIRANO,4,16,,,
Venezia,MUSILE DI PIAVE,1,0,,,
Venezia,NOALE,7,0,,,
Venezia,NOVENTA DI PIAVE,4,0,,,
Venezia,PIANIGA,11,0,,,
Venezia,PORTOGRUARO,2,23,,,
Venezia,SALZANO,4,0,,,
Venezia,SAN DONA' DI PIAVE,3,26,,,
Venezia,SAN DONà DI PIAVE,0,1,,,
Venezia,SAN STINO DI LIVENZA,4,0,,,
Venezia,SANTA MARIA DI SALA,11,0,,,
Venezia,SPINEA,10,0,,,
Venezia,STRA,8,0,,,
Venezia,VENEZIA,118,162,,,
Verbano-Cusio-Ossola,BACENO,7,0,,,
Verbano-Cusio-Ossola,BAVENO,8,0,,,
Verbano-Cusio-Ossola,CREVOLADOSSOLA,4,0,,,
Verbano-Cusio-Ossola,DOMODOSSOLA,1,5,,,
Verbano-Cusio-Ossola,GRAVELLONA TOCE,2,0,,,
Verbano-Cusio-Ossola,OMEGNA,4,30,,,
Verbano-Cusio-Ossola,SANTA MARIA MAGGIORE,2,0,,,
Verbano-Cusio-Ossola,STRESA,0,2,,,
Verbano-Cusio-Ossola,VERBANIA,12,14,,,
Verbano-Cusio-Ossola,VILLADOSSOLA,5,0,,,
Verbano-Cusio-Ossola,VOGOGNA,1,0,,,
Vercelli,ARBORIO,1,0,,,
Vercelli,BORGOSESIA,20,1,,,
Vercelli,CRESCENTINO,16,0,,,
Vercelli,GATTINARA,30,0,,,
Vercelli,LIVORNO FERRARIS,24,0,,,
Vercelli,QUARONA,4,0,,,
Vercelli,SANTHIA',5,0,,,
Vercelli,SERRAVALLE SESIA,4,0,,,
Vercelli,TRINO,3,0,,,
Vercelli,TRONZANO VERCELLESE,3,0,,,
Vercelli,VARALLO,6,2,,,
Vercelli,VERCELLI,56,105,,,
Verona,BARDOLINO,5,4,,,
Verona,BELFIORE,1,0,,,
Verona,BOVOLONE,5,0,,,
Verona,BUSSOLENGO,15,0,,,
Verona,CALDIERO,4,0,,,
Verona,CAPRINO VERONESE,11,0,,,
Verona,CASALEONE,1,0,,,
Verona,CASTAGNARO,2,0,,,
Verona,CASTEL D'AZZANO,9,0,,,
Verona,CASTELNUOVO DEL GARDA,6,0,,,
Verona,CAVAION VERONESE,2,0,,,
Verona,CEREA,8,4,,,
Verona,COLOGNA VENETA,10,0,,,
Verona,FUMANE,1,0,,,
Verona,GARDA,8,5,,,
Verona,GREZZANA,3,0,,,
Verona,ILLASI,3,0,,,
Verona,ISOLA DELLA SCALA,3,24,,,
Verona,LAVAGNO,1,0,,,
Verona,LAZISE,1,0,,,
Verona,LEGNAGO,16,16,,,
Verona,MALCESINE,4,0,,,
Verona,MEZZANE DI SOTTO,4,0,,,
Verona,MINERBE,11,0,,,
Verona,MONTECCHIA DI CROSARA,1,0,,,
Verona,MONTEFORTE D'ALPONE,3,0,,,
Verona,MOZZECANE,1,0,,,
Verona,NOGARA,2,0,,,
Verona,OPPEANO,5,0,,,
Verona,PESCANTINA,6,0,,,
Verona,RONCO ALL'ADIGE,4,0,,,
Verona,SAN BONIFACIO,23,20,,,
Verona,SAN GIOVANNI LUPATOTO,13,0,,,
Verona,SAN MARTINO BUON ALBERGO,3,0,,,
Verona,SAN PIETRO IN CARIANO,0,3,,,
Verona,SANT'AMBROGIO DI VALPOLICELLA,6,0,,,
Verona,SOAVE,7,0,,,
Verona,SOMMACAMPAGNA,8,0,,,
Verona,SONA,4,0,,,
Verona,TREGNAGO,4,0,,,
Verona,VALEGGIO SUL MINCIO,1,0,,,
Verona,VERONA,117,163,,,
Verona,VIGASIO,9,0,,,
Verona,VILLAFRANCA DI VERONA,27,12,,,
Verona,ZEVIO,8,0,,,
Verona,ZIMELLA,6,0,,,
Vibo Valentia,NICOTERA,0,15,,,
Vibo Valentia,TROPEA,1,0,,,
Vibo Valentia,VIBO VALENTIA,8,0,,,
Vicenza,ALTAVILLA VICENTINA,1,0,,,
Vicenza,ARSIERO,2,0,,,
Vicenza,ARZIGNANO,19,20,,,
Vicenza,ASIAGO,0,1,,,
Vicenza,BARBARANO MOSSANO,2,0,,,
Vicenza,BASSANO DEL GRAPPA,42,69,,,
Vicenza,BOLZANO VICENTINO,1,0,,,
Vicenza,BREGANZE,3,26,,,
Vicenza,CALDOGNO,3,0,,,
Vicenza,CAMISANO VICENTINO,2,0,,,
Vicenza,CARRE',8,0,,,
Vicenza,CARTIGLIANO,1,0,,,
Vicenza,CASSOLA,6,0,,,
Vicenza,CASTELGOMBERTO,4,0,,,
Vicenza,CHIAMPO,11,0,,,
Vicenza,COGOLLO DEL CENGIO,3,0,,,
Vicenza,CORNEDO VICENTINO,8,0,,,
Vicenza,COSTABISSARA,3,0,,,
Vicenza,CREAZZO,5,0,,,
Vicenza,DUEVILLE,1,0,,,
Vicenza,GALLIO,1,0,,,
Vicenza,LONGARE,45,0,,,
Vicenza,LONIGO,5,16,,,
Vicenza,LUGO DI VICENZA,2,0,,,
Vicenza,LUSIANA CONCO,3,0,,,
Vicenza,MALO,11,0,,,
Vicenza,MARANO VICENTINO,3,0,,,
Vicenza,MAROSTICA,6,0,,,
Vicenza,MONTEBELLO VICENTINO,5,0,,,
Vicenza,MONTECCHIO MAGGIORE,5,3,,,
Vicenza,MONTEGALDA,3,0,,,
Vicenza,MONTICELLO CONTE OTTO,13,0,,,
Vicenza,MUSSOLENTE,3,0,,,
Vicenza,NOVE,4,4,,,
Vicenza,NOVENTA VICENTINA,1,11,,,
Vicenza,PIOVENE ROCCHETTE,8,0,,,
Vicenza,RECOARO TERME,1,12,,,
Vicenza,ROMANO D'EZZELINO,16,0,,,
Vicenza,ROSà,9,0,,,
Vicenza,ROSA',21,0,,,
Vicenza,SANDRIGO,2,0,,,
Vicenza,SANTORSO,2,0,,,
Vicenza,SARCEDO,1,0,,,
Vicenza,SAREGO,7,0,,,
Vicenza,SCHIO,21,35,,,
Vicenza,SOSSANO,3,0,,,
Vicenza,SOVIZZO,4,0,,,
Vicenza,TEZZE SUL BRENTA,5,0,,,
Vicenza,THIENE,11,34,,,
Vicenza,TORREBELVICINO,2,0,,,
Vicenza,TRISSINO,5,0,,,
Vicenza,VALBRENTA,3,0,,,
Vicenza,VALDAGNO,22,18,,,
Vicenza,VICENZA,34,96,,,
Vicenza,VILLAVERLA,3,0,,,
Vicenza,ZANè,2,0,,,
Viterbo,ACQUAPENDENTE,0,14,,,
Viterbo,BAGNOREGIO,0,1,,,
Viterbo,BASSANO ROMANO,1,0,,,
Viterbo,CANINO,22,0,,,
Viterbo,CAPRANICA,45,0,,,
Viterbo,CAPRAROLA,2,12,,,
Viterbo,CIVITA CASTELLANA,18,6,,,
Viterbo,FABRICA DI ROMA,12,0,,,
Viterbo,GROTTE DI CASTRO,8,0,,,
Viterbo,MONTALTO DI CASTRO,3,0,,,
Viterbo,MONTEFIASCONE,15,20,,,
Viterbo,NEPI,28,0,,,
Viterbo,ORTE,0,5,,,
Viterbo,RONCIGLIONE,1,4,,,
Viterbo,SORIANO NEL CIMINO,6,0,,,
Viterbo,SUTRI,8,0,,,
Viterbo,TARQUINIA,25,8,,,
Viterbo,TUSCANIA,3,0,,,
Viterbo,VALENTANO,27,0,,,
Viterbo,VIGNANELLO,15,0,,,
Viterbo,VITERBO,70,60,,,
TOTALI,,38847,26133,64980,,
